user_id,date,role,event_count,failed_login_count,transaction_count,customer_record_access_count,download_event_count,download_total,records_accessed_total,vip_access_count,unknown_ip_count,unique_ip_count,first_activity_hour,last_activity_hour,activity_duration_hours
C001,2026-01-05,Customer Service,42,0,3,29,8,19,65,1,0,1,8.740277777777777,16.36722222222222,7.626944444444445
C001,2026-01-06,Customer Service,49,0,7,32,8,20,80,2,0,1,9.06388888888889,16.4875,7.423611111111111
C001,2026-01-07,Customer Service,42,0,5,27,8,16,61,4,0,1,9.043611111111112,16.938055555555557,7.894444444444445
C001,2026-01-08,Customer Service,41,0,4,30,5,10,82,3,0,1,9.086944444444445,17.081944444444446,7.995
C001,2026-01-09,Customer Service,43,0,5,29,7,18,75,0,0,1,8.647222222222222,16.54388888888889,7.8966666666666665
C001,2026-01-12,Customer Service,39,0,5,25,7,16,63,0,0,1,9.286111111111111,16.78111111111111,7.495
C001,2026-01-13,Customer Service,38,0,5,21,10,16,49,0,0,1,8.860555555555555,16.961388888888887,8.100833333333334
C001,2026-01-14,Customer Service,31,0,3,23,3,9,58,0,0,1,8.849166666666667,17.42638888888889,8.577222222222222
C001,2026-01-15,Customer Service,43,0,9,24,8,18,76,1,0,1,8.899166666666666,17.479166666666664,8.58
C001,2026-01-16,Customer Service,40,0,3,27,8,23,73,1,0,1,8.570277777777777,16.51972222222222,7.9494444444444445
C001,2026-01-19,Customer Service,38,0,2,24,10,24,60,2,0,1,8.667777777777777,17.03611111111111,8.368333333333334
C001,2026-01-20,Customer Service,37,0,4,27,4,9,79,3,0,1,8.69138888888889,16.1825,7.4911111111111115
C001,2026-01-21,Customer Service,35,0,3,23,7,18,61,0,0,1,8.78888888888889,17.110000000000003,8.321111111111112
C001,2026-01-22,Customer Service,34,0,4,20,8,19,44,0,0,1,8.812777777777779,16.936944444444446,8.124166666666667
C001,2026-01-23,Customer Service,37,0,7,24,4,9,62,0,0,1,8.393055555555556,16.72611111111111,8.333055555555555
C001,2026-01-26,Customer Service,31,0,5,16,8,25,51,1,0,1,8.895277777777777,17.19611111111111,8.300833333333333
C001,2026-01-27,Customer Service,39,0,3,27,7,20,61,0,0,1,8.713888888888889,16.482777777777777,7.768888888888889
C001,2026-01-28,Customer Service,48,0,5,38,3,7,90,2,0,1,8.8575,17.259444444444444,8.401944444444444
C001,2026-01-29,Customer Service,36,0,4,22,8,16,50,2,0,1,8.415277777777778,16.445,8.029722222222222
C001,2026-01-30,Customer Service,39,0,2,29,6,14,76,0,0,1,8.256666666666666,16.378888888888888,8.122222222222222
C001,2026-02-02,Customer Service,32,0,3,21,6,16,56,0,0,1,8.294166666666667,16.761388888888888,8.467222222222222
C001,2026-02-03,Customer Service,42,0,4,26,10,26,62,0,0,1,8.668055555555554,16.884999999999998,8.216944444444444
C001,2026-02-04,Customer Service,44,0,2,33,7,14,84,1,0,1,8.722222222222223,16.314444444444444,7.592222222222222
C001,2026-02-05,Customer Service,41,0,7,24,8,15,53,1,0,1,8.963888888888889,17.63861111111111,8.674722222222222
C001,2026-02-06,Customer Service,37,0,3,25,7,13,58,1,0,1,8.436111111111112,16.148333333333333,7.7122222222222225
C001,2026-02-09,Customer Service,36,0,5,15,14,36,34,0,0,1,8.69138888888889,16.279166666666665,7.587777777777778
C001,2026-02-10,Customer Service,44,0,2,30,10,23,78,1,0,1,8.541944444444445,16.5675,8.025555555555556
C001,2026-02-11,Customer Service,45,0,4,30,9,18,76,1,0,1,8.78361111111111,16.703888888888887,7.920277777777778
C001,2026-02-12,Customer Service,30,0,7,18,3,11,46,1,0,1,8.935833333333333,16.960833333333333,8.025
C001,2026-02-13,Customer Service,37,0,6,22,7,17,59,1,0,1,8.85,16.537222222222223,7.687222222222222
C002,2026-01-05,Customer Service,38,0,2,26,8,19,58,0,0,1,9.265555555555556,17.219166666666666,7.953611111111111
C002,2026-01-06,Customer Service,48,0,3,35,8,18,86,0,0,1,8.572777777777777,16.529166666666665,7.956388888888889
C002,2026-01-07,Customer Service,37,0,6,24,5,12,58,0,0,1,8.648055555555555,16.840555555555554,8.1925
C002,2026-01-08,Customer Service,36,0,2,20,12,27,47,0,0,1,8.686111111111112,16.730555555555554,8.044444444444444
C002,2026-01-09,Customer Service,49,0,4,36,7,16,89,2,0,1,8.765555555555556,16.546111111111113,7.780555555555556
C002,2026-01-12,Customer Service,38,0,3,28,5,12,69,1,0,1,8.636111111111111,17.288611111111113,8.6525
C002,2026-01-13,Customer Service,42,0,7,28,5,13,67,0,0,1,8.985833333333332,16.524444444444445,7.538611111111111
C002,2026-01-14,Customer Service,46,0,11,23,10,23,49,0,0,1,8.653611111111111,17.012777777777778,8.359166666666667
C002,2026-01-15,Customer Service,47,0,6,34,5,15,85,2,0,1,8.93388888888889,16.69527777777778,7.761388888888889
C002,2026-01-16,Customer Service,39,0,4,28,5,11,72,1,0,1,8.905555555555557,16.55527777777778,7.6497222222222225
C002,2026-01-19,Customer Service,33,0,1,28,2,4,73,1,0,1,8.45722222222222,16.722499999999997,8.265277777777778
C002,2026-01-20,Customer Service,40,0,2,31,5,12,73,1,0,1,8.756666666666666,16.743055555555557,7.9863888888888885
C002,2026-01-21,Customer Service,39,0,5,22,10,21,52,1,0,1,8.689722222222223,16.438055555555557,7.748333333333333
C002,2026-01-22,Customer Service,35,0,6,19,8,20,48,0,0,1,8.616388888888888,16.95111111111111,8.334722222222222
C002,2026-01-23,Customer Service,37,0,1,27,7,24,72,3,0,1,9.397222222222222,17.085277777777776,7.688055555555556
C002,2026-01-26,Customer Service,42,0,5,30,5,14,71,1,0,1,8.987499999999999,17.003888888888888,8.016388888888889
C002,2026-01-27,Customer Service,33,0,1,22,8,18,45,1,0,1,8.739722222222222,17.05527777777778,8.315555555555555
C002,2026-01-28,Customer Service,45,0,7,27,9,20,58,0,0,1,8.533055555555556,16.234722222222224,7.701666666666667
C002,2026-01-29,Customer Service,40,0,4,32,2,5,77,0,0,1,8.6575,17.693333333333335,9.035833333333333
C002,2026-01-30,Customer Service,38,0,5,20,11,29,50,0,0,1,9.126944444444446,17.67027777777778,8.543333333333333
C002,2026-02-02,Customer Service,41,0,5,29,5,14,73,0,0,1,8.727777777777778,17.08611111111111,8.358333333333333
C002,2026-02-03,Customer Service,40,0,4,24,10,23,66,2,0,1,8.436944444444444,16.02027777777778,7.583333333333333
C002,2026-02-04,Customer Service,30,0,2,19,7,19,49,0,0,1,8.165000000000001,16.4075,8.2425
C002,2026-02-05,Customer Service,34,0,1,24,7,14,63,2,0,1,8.768055555555556,16.47,7.701944444444444
C002,2026-02-06,Customer Service,36,0,5,22,7,19,52,1,0,1,8.426666666666666,16.857222222222223,8.430555555555555
C002,2026-02-09,Customer Service,34,0,4,16,12,36,43,0,0,1,8.331388888888888,16.461111111111112,8.129722222222222
C002,2026-02-10,Customer Service,36,0,3,22,9,21,58,0,0,1,8.522222222222224,16.595277777777778,8.073055555555555
C002,2026-02-11,Customer Service,33,0,3,26,2,5,76,1,0,1,8.808055555555557,16.90888888888889,8.100833333333334
C002,2026-02-12,Customer Service,31,0,3,20,6,16,44,0,0,1,8.59138888888889,16.628888888888888,8.0375
C002,2026-02-13,Customer Service,38,0,6,23,7,17,54,0,0,1,8.479444444444445,16.351111111111113,7.871666666666667
C003,2026-01-05,Customer Service,42,0,1,32,7,16,84,0,0,1,8.975555555555555,16.939166666666665,7.963611111111111
C003,2026-01-06,Customer Service,33,0,1,23,7,12,54,0,0,1,8.617222222222223,17.156388888888888,8.539166666666667
C003,2026-01-07,Customer Service,40,0,5,25,8,14,69,1,0,1,8.52888888888889,16.302222222222223,7.773333333333333
C003,2026-01-08,Customer Service,46,0,6,29,9,17,67,0,0,1,9.010833333333334,17.76888888888889,8.758055555555556
C003,2026-01-09,Customer Service,54,0,1,39,12,28,102,0,0,1,8.7225,17.157777777777778,8.435277777777777
C003,2026-01-12,Customer Service,36,0,4,24,6,17,62,1,0,1,8.62138888888889,16.97138888888889,8.35
C003,2026-01-13,Customer Service,41,0,3,26,10,26,78,0,0,1,8.723611111111111,16.67,7.9463888888888885
C003,2026-01-14,Customer Service,36,0,1,25,8,19,66,0,0,1,8.805555555555557,16.701944444444443,7.896388888888889
C003,2026-01-15,Customer Service,43,0,5,29,7,14,72,3,0,1,8.354444444444445,16.596944444444443,8.2425
C003,2026-01-16,Customer Service,35,0,4,27,2,7,74,1,0,1,9.180277777777777,16.278888888888886,7.098611111111111
C003,2026-01-19,Customer Service,33,0,3,21,7,19,49,1,0,1,8.895277777777777,17.308611111111112,8.413333333333334
C003,2026-01-20,Customer Service,40,0,6,23,9,27,58,0,0,1,8.8675,16.509444444444444,7.641944444444444
C003,2026-01-21,Customer Service,44,0,4,28,10,28,68,0,0,1,8.564444444444446,16.41722222222222,7.852777777777778
C003,2026-01-22,Customer Service,38,0,6,26,4,7,64,0,0,1,9.046944444444444,16.33833333333333,7.291388888888889
C003,2026-01-23,Customer Service,37,0,5,21,9,26,57,0,0,1,8.382777777777779,16.2275,7.844722222222222
C003,2026-01-26,Customer Service,38,0,1,29,6,20,68,1,0,1,8.903055555555556,16.62777777777778,7.724722222222222
C003,2026-01-27,Customer Service,50,0,6,32,10,21,90,0,0,1,8.785277777777777,16.549722222222226,7.764444444444444
C003,2026-01-28,Customer Service,45,0,3,31,9,20,78,0,0,1,8.760277777777778,17.210833333333333,8.450555555555555
C003,2026-01-29,Customer Service,44,0,4,29,9,23,71,1,0,1,8.565000000000001,16.74138888888889,8.176388888888889
C003,2026-01-30,Customer Service,35,0,2,21,10,24,58,0,0,1,8.495,17.086666666666666,8.591666666666667
C003,2026-02-02,Customer Service,42,0,3,27,10,22,77,1,0,1,8.545555555555556,16.65611111111111,8.110555555555555
C003,2026-02-03,Customer Service,37,0,4,25,6,14,61,1,0,1,8.435833333333333,16.64638888888889,8.210555555555555
C003,2026-02-04,Customer Service,38,0,4,24,8,19,62,2,0,1,8.487499999999999,16.499722222222225,8.012222222222222
C003,2026-02-05,Customer Service,41,0,2,27,10,24,68,0,0,1,8.997777777777777,17.015833333333333,8.018055555555556
C003,2026-02-06,Customer Service,43,0,4,27,10,18,74,2,0,1,8.636944444444444,16.803055555555556,8.16611111111111
C003,2026-02-09,Customer Service,48,0,6,32,8,21,78,2,0,1,9.075555555555555,17.710277777777776,8.634722222222223
C003,2026-02-10,Customer Service,39,0,4,22,11,28,57,0,0,1,8.746388888888887,16.5425,7.796111111111111
C003,2026-02-11,Customer Service,39,1,5,24,7,22,57,1,0,1,8.741666666666665,16.654999999999998,7.913333333333333
C003,2026-02-12,Customer Service,36,0,2,26,6,15,63,0,0,1,9.291944444444445,17.040833333333335,7.748888888888889
C003,2026-02-13,Customer Service,43,0,4,27,10,23,66,2,0,1,8.915555555555557,16.47138888888889,7.555833333333333
C004,2026-01-05,Customer Service,47,0,7,30,8,22,64,1,0,1,8.931944444444444,17.074166666666667,8.142222222222221
C004,2026-01-06,Customer Service,50,0,9,30,9,30,81,1,0,1,8.144166666666667,16.147777777777776,8.00361111111111
C004,2026-01-07,Customer Service,41,0,1,26,12,27,70,1,0,1,8.570555555555556,16.403888888888886,7.833333333333333
C004,2026-01-08,Customer Service,33,0,3,23,5,14,63,1,0,1,8.870277777777778,16.776666666666667,7.9063888888888885
C004,2026-01-09,Customer Service,45,0,2,29,12,30,67,0,0,1,8.756666666666666,17.286944444444448,8.530277777777778
C004,2026-01-12,Customer Service,44,0,2,28,12,39,77,1,0,1,8.179444444444444,16.338055555555556,8.158611111111112
C004,2026-01-13,Customer Service,45,0,3,31,9,20,82,0,0,1,8.705555555555556,16.15833333333333,7.4527777777777775
C004,2026-01-14,Customer Service,37,0,2,26,7,16,57,0,0,1,8.634444444444444,16.592499999999998,7.958055555555555
C004,2026-01-15,Customer Service,35,0,1,25,7,13,54,2,0,1,8.775555555555556,17.27472222222222,8.499166666666667
C004,2026-01-16,Customer Service,41,0,3,33,3,7,86,1,0,1,8.979166666666666,17.064722222222223,8.085555555555555
C004,2026-01-19,Customer Service,38,0,6,24,6,19,52,0,0,1,8.631944444444445,17.033055555555556,8.401111111111112
C004,2026-01-20,Customer Service,39,0,1,30,6,16,86,1,0,1,8.509722222222223,15.7925,7.282777777777778
C004,2026-01-21,Customer Service,43,0,7,28,6,16,66,2,0,1,8.511111111111111,16.76,8.248888888888889
C004,2026-01-22,Customer Service,43,0,3,28,10,29,81,0,0,1,8.375,16.86777777777778,8.492777777777778
C004,2026-01-23,Customer Service,39,0,5,28,4,9,67,0,0,1,8.961666666666666,16.5575,7.595833333333333
C004,2026-01-26,Customer Service,37,0,2,26,7,23,68,1,0,1,8.495555555555555,16.6225,8.126944444444444
C004,2026-01-27,Customer Service,40,0,1,25,12,31,65,0,0,1,9.08388888888889,17.00138888888889,7.9175
C004,2026-01-28,Customer Service,38,0,3,25,8,17,56,1,0,1,8.568055555555555,16.19527777777778,7.627222222222223
C004,2026-01-29,Customer Service,47,0,7,34,4,11,77,0,0,1,8.741666666666665,16.90861111111111,8.166944444444445
C004,2026-01-30,Customer Service,37,0,2,25,8,19,74,0,0,1,8.51361111111111,16.071944444444444,7.558333333333334
C004,2026-02-02,Customer Service,41,0,6,24,9,24,58,0,0,1,8.730277777777777,17.142222222222223,8.411944444444444
C004,2026-02-03,Customer Service,31,0,2,17,10,23,41,0,0,1,8.38861111111111,16.55611111111111,8.1675
C004,2026-02-04,Customer Service,41,0,6,22,11,21,62,0,0,1,8.771111111111113,16.952777777777776,8.181666666666667
C004,2026-02-05,Customer Service,34,0,2,27,3,6,66,1,0,1,8.621666666666668,16.930555555555557,8.30888888888889
C004,2026-02-06,Customer Service,39,0,5,25,7,20,62,1,0,1,9.248055555555554,17.371944444444445,8.123888888888889
C004,2026-02-09,Customer Service,40,0,1,32,5,14,79,1,0,1,8.299722222222222,16.086666666666666,7.786944444444444
C004,2026-02-10,Customer Service,34,0,4,14,14,34,37,0,0,1,8.698333333333334,16.601666666666667,7.903333333333333
C004,2026-02-11,Customer Service,42,0,6,24,10,25,51,0,0,1,8.555277777777778,16.154722222222222,7.599444444444444
C004,2026-02-12,Customer Service,45,0,6,26,11,27,58,0,0,1,8.544444444444444,16.699722222222224,8.155277777777778
C004,2026-02-13,Customer Service,41,0,5,21,13,37,52,1,0,1,8.863888888888889,17.146944444444443,8.283055555555556
C005,2026-01-05,Customer Service,35,0,0,25,8,18,66,1,0,1,8.950833333333332,16.80611111111111,7.855277777777777
C005,2026-01-06,Customer Service,43,0,5,25,11,35,59,2,0,1,8.854722222222222,16.902777777777775,8.048055555555555
C005,2026-01-07,Customer Service,37,0,3,20,12,31,48,1,0,1,8.949444444444445,16.778333333333332,7.828888888888889
C005,2026-01-08,Customer Service,44,0,5,27,10,20,61,1,0,1,8.835555555555556,16.810000000000002,7.974444444444444
C005,2026-01-09,Customer Service,37,0,3,25,7,21,60,0,0,1,8.987777777777778,17.396944444444443,8.409166666666666
C005,2026-01-12,Customer Service,43,0,7,30,4,9,74,3,0,1,8.918333333333333,17.010277777777777,8.091944444444444
C005,2026-01-13,Customer Service,41,0,4,27,8,25,59,0,0,1,8.897222222222222,16.771666666666665,7.874444444444444
C005,2026-01-14,Customer Service,45,0,6,29,8,18,78,0,0,1,8.231666666666667,16.09472222222222,7.8630555555555555
C005,2026-01-15,Customer Service,39,0,5,27,5,13,69,0,0,1,8.866944444444444,16.794722222222223,7.927777777777778
C005,2026-01-16,Customer Service,43,0,3,28,10,25,71,1,0,1,8.869166666666667,17.171111111111113,8.301944444444445
C005,2026-01-19,Customer Service,36,0,2,26,6,10,65,0,0,1,9.066111111111113,17.395,8.328888888888889
C005,2026-01-20,Customer Service,30,0,2,23,3,5,49,0,0,1,9.236944444444443,17.094166666666666,7.857222222222222
C005,2026-01-21,Customer Service,43,0,7,25,9,27,66,0,0,1,8.903055555555556,16.84611111111111,7.9430555555555555
C005,2026-01-22,Customer Service,42,0,3,26,11,30,59,2,0,1,8.976111111111111,16.600833333333334,7.624722222222222
C005,2026-01-23,Customer Service,43,0,4,27,10,28,74,0,0,1,8.85388888888889,17.02111111111111,8.167222222222222
C005,2026-01-26,Customer Service,36,0,1,23,10,33,49,1,0,1,8.723888888888888,16.573055555555555,7.849166666666667
C005,2026-01-27,Customer Service,38,0,2,27,7,15,70,1,0,1,8.710555555555555,16.61722222222222,7.906666666666666
C005,2026-01-28,Customer Service,36,0,4,27,3,7,69,0,0,1,8.9125,16.553055555555556,7.640555555555555
C005,2026-01-29,Customer Service,37,1,7,22,5,9,57,1,0,1,8.508333333333333,16.38,7.871666666666667
C005,2026-01-30,Customer Service,43,0,2,30,9,23,79,0,0,1,8.4025,16.228055555555553,7.825555555555556
C005,2026-02-02,Customer Service,43,0,1,33,7,18,78,1,0,1,8.978333333333333,17.015833333333333,8.0375
C005,2026-02-03,Customer Service,42,0,2,29,9,23,77,1,0,1,8.677222222222222,16.949722222222224,8.2725
C005,2026-02-04,Customer Service,46,0,4,32,8,17,73,1,0,1,9.060833333333335,17.435555555555556,8.374722222222223
C005,2026-02-05,Customer Service,34,0,6,17,9,23,46,1,0,1,8.724166666666667,16.261111111111113,7.536944444444444
C005,2026-02-06,Customer Service,38,0,7,21,8,19,54,0,0,1,8.610277777777778,17.035555555555558,8.425277777777778
C005,2026-02-09,Customer Service,40,0,3,28,7,15,67,0,0,1,9.28361111111111,17.811666666666667,8.528055555555556
C005,2026-02-10,Customer Service,46,0,5,30,9,18,71,1,0,1,8.360833333333334,16.49138888888889,8.130555555555556
C005,2026-02-11,Customer Service,43,1,2,33,5,14,77,0,0,1,8.820277777777777,17.31638888888889,8.49611111111111
C005,2026-02-12,Customer Service,48,0,9,31,6,12,81,0,0,1,8.452499999999999,16.211944444444445,7.759444444444444
C005,2026-02-13,Customer Service,48,0,2,39,5,13,99,1,0,1,8.585555555555556,16.621111111111112,8.035555555555556
C006,2026-01-05,Customer Service,41,0,6,27,6,15,67,1,0,1,8.795,16.543055555555558,7.748055555555555
C006,2026-01-06,Customer Service,35,0,4,22,7,15,46,0,0,1,8.822777777777777,16.83833333333333,8.015555555555556
C006,2026-01-07,Customer Service,42,0,4,30,6,18,83,0,0,1,8.367222222222223,15.255,6.887777777777778
C006,2026-01-08,Customer Service,34,0,1,25,6,10,72,0,0,1,9.026666666666667,16.76972222222222,7.743055555555555
C006,2026-01-09,Customer Service,34,0,3,21,8,21,59,0,0,1,8.843055555555557,17.345555555555553,8.5025
C006,2026-01-12,Customer Service,39,0,6,21,10,20,65,0,0,1,8.362499999999999,15.965833333333332,7.6033333333333335
C006,2026-01-13,Customer Service,52,1,3,35,11,29,89,0,0,1,9.125277777777779,17.222499999999997,8.097222222222221
C006,2026-01-14,Customer Service,32,0,2,22,6,13,58,0,0,1,8.357222222222221,17.086388888888887,8.729166666666666
C006,2026-01-15,Customer Service,38,1,4,25,6,12,58,2,0,1,8.863055555555555,16.681944444444447,7.818888888888889
C006,2026-01-16,Customer Service,32,0,2,21,7,18,54,0,0,1,8.454722222222221,16.809444444444445,8.354722222222222
C006,2026-01-19,Customer Service,42,0,5,31,4,13,75,0,0,1,9.045,16.48777777777778,7.442777777777778
C006,2026-01-20,Customer Service,42,0,4,23,13,33,59,1,0,1,8.640555555555554,16.50583333333333,7.865277777777778
C006,2026-01-21,Customer Service,42,0,9,25,6,19,61,1,0,1,8.589722222222223,16.236666666666668,7.646944444444444
C006,2026-01-22,Customer Service,45,0,2,31,10,25,90,0,0,1,8.4325,16.8325,8.4
C006,2026-01-23,Customer Service,37,0,1,25,9,19,68,0,0,1,8.611388888888888,17.295833333333334,8.684444444444445
C006,2026-01-26,Customer Service,39,0,4,26,7,13,68,0,0,1,8.693611111111112,16.39,7.6963888888888885
C006,2026-01-27,Customer Service,47,0,4,35,6,20,91,1,0,1,8.960277777777778,17.383888888888887,8.42361111111111
C006,2026-01-28,Customer Service,49,0,4,34,9,28,88,3,0,1,8.596666666666668,16.452777777777776,7.856111111111111
C006,2026-01-29,Customer Service,43,0,4,30,7,21,73,1,0,1,8.231666666666667,15.943055555555556,7.711388888888889
C006,2026-01-30,Customer Service,37,0,4,27,4,10,62,0,0,1,8.800555555555556,17.38861111111111,8.588055555555556
C006,2026-02-02,Customer Service,35,0,4,23,6,12,56,0,0,1,8.972777777777777,17.33972222222222,8.366944444444444
C006,2026-02-03,Customer Service,35,0,3,28,2,2,65,1,0,1,8.46361111111111,16.316944444444445,7.8533333333333335
C006,2026-02-04,Customer Service,47,1,4,34,6,13,82,0,0,1,8.633333333333333,16.346666666666664,7.713333333333333
C006,2026-02-05,Customer Service,36,0,3,23,8,17,53,0,0,1,8.377222222222223,16.64638888888889,8.269166666666667
C006,2026-02-06,Customer Service,44,0,4,27,11,26,58,1,0,1,8.712499999999999,16.629722222222224,7.917222222222223
C006,2026-02-09,Customer Service,36,0,4,26,4,10,69,0,0,1,9.192222222222222,17.193055555555556,8.000833333333333
C006,2026-02-10,Customer Service,48,0,5,32,9,25,73,0,0,1,8.907222222222222,16.77583333333333,7.868611111111111
C006,2026-02-11,Customer Service,39,0,3,26,8,21,76,0,0,1,8.86111111111111,16.779166666666665,7.918055555555555
C006,2026-02-12,Customer Service,40,0,1,29,8,27,68,1,0,1,8.915277777777778,16.75027777777778,7.835
C006,2026-02-13,Customer Service,41,0,7,26,6,16,55,3,0,1,8.361666666666666,15.973055555555556,7.6113888888888885
C007,2026-01-05,Customer Service,44,0,4,31,7,18,76,0,0,1,8.56861111111111,17.23611111111111,8.6675
C007,2026-01-06,Customer Service,44,0,5,28,9,31,81,1,0,1,8.911111111111111,17.177222222222223,8.266111111111112
C007,2026-01-07,Customer Service,39,0,1,28,8,20,66,0,0,1,8.629444444444445,16.7,8.070555555555556
C007,2026-01-08,Customer Service,35,0,1,24,8,18,61,1,0,1,8.519166666666667,16.651666666666664,8.1325
C007,2026-01-09,Customer Service,35,0,2,27,4,12,62,1,0,1,8.720555555555556,16.541111111111114,7.820555555555556
C007,2026-01-12,Customer Service,44,0,10,27,5,11,66,0,0,1,8.89611111111111,16.55027777777778,7.654166666666667
C007,2026-01-13,Customer Service,44,0,5,31,6,14,70,1,0,1,8.576666666666666,16.441666666666666,7.865
C007,2026-01-14,Customer Service,41,0,4,25,10,26,62,0,0,1,8.879166666666666,16.536944444444448,7.657777777777778
C007,2026-01-15,Customer Service,47,0,6,26,13,32,55,1,0,1,9.106666666666666,17.17361111111111,8.066944444444445
C007,2026-01-16,Customer Service,39,0,6,25,6,13,54,0,0,1,8.397222222222222,16.568055555555556,8.170833333333333
C007,2026-01-19,Customer Service,39,0,3,27,7,17,73,2,0,1,8.508888888888889,16.006666666666668,7.497777777777777
C007,2026-01-20,Customer Service,32,0,6,18,6,14,43,0,0,1,9.092222222222222,17.311944444444446,8.219722222222222
C007,2026-01-21,Customer Service,38,0,3,25,8,26,62,1,0,1,8.82861111111111,16.43166666666667,7.603055555555556
C007,2026-01-22,Customer Service,46,0,3,34,7,15,79,1,0,1,9.010555555555555,17.34722222222222,8.336666666666666
C007,2026-01-23,Customer Service,37,0,4,21,10,24,49,1,0,1,8.45722222222222,15.854166666666666,7.396944444444444
C007,2026-01-26,Customer Service,34,0,2,22,8,19,60,0,0,1,8.87888888888889,16.70138888888889,7.8225
C007,2026-01-27,Customer Service,44,0,4,27,11,29,70,1,0,1,8.758611111111112,16.53111111111111,7.7725
C007,2026-01-28,Customer Service,38,0,3,24,9,18,63,0,0,1,8.73472222222222,16.791944444444447,8.057222222222222
C007,2026-01-29,Customer Service,41,0,3,32,4,10,72,2,0,1,8.889722222222222,16.858333333333334,7.9686111111111115
C007,2026-01-30,Customer Service,41,0,5,24,10,28,64,1,0,1,8.240833333333333,15.778055555555556,7.537222222222222
C007,2026-02-02,Customer Service,33,0,4,22,5,12,48,0,0,1,8.989444444444443,17.137777777777778,8.148333333333333
C007,2026-02-03,Customer Service,39,0,1,28,8,21,69,0,0,1,9.236666666666666,17.08833333333333,7.851666666666667
C007,2026-02-04,Customer Service,48,0,1,32,13,32,73,0,0,1,8.442222222222222,16.659166666666664,8.216944444444444
C007,2026-02-05,Customer Service,36,0,2,27,5,10,73,1,0,1,8.877500000000001,16.782777777777778,7.905277777777778
C007,2026-02-06,Customer Service,44,0,4,30,8,19,85,0,0,1,8.28888888888889,16.205,7.916111111111111
C007,2026-02-09,Customer Service,37,0,4,23,8,18,56,0,0,1,8.457777777777777,15.986944444444443,7.529166666666667
C007,2026-02-10,Customer Service,31,0,3,20,6,8,42,0,0,1,8.502222222222223,16.439166666666665,7.936944444444444
C007,2026-02-11,Customer Service,42,0,3,29,8,28,76,0,0,1,9.021944444444445,16.583888888888886,7.561944444444444
C007,2026-02-12,Customer Service,39,0,1,29,7,19,75,0,0,1,8.653055555555556,16.833888888888886,8.180833333333334
C007,2026-02-13,Customer Service,38,0,2,24,10,25,56,2,0,1,8.756388888888889,16.37138888888889,7.615
C008,2026-01-05,Customer Service,41,0,4,24,11,21,61,0,0,1,9.258611111111112,16.823333333333334,7.564722222222223
C008,2026-01-06,Customer Service,44,0,2,32,8,25,89,0,0,1,9.0975,16.95861111111111,7.861111111111111
C008,2026-01-07,Customer Service,27,0,5,18,2,3,46,0,0,1,9.18361111111111,16.648055555555555,7.464444444444444
C008,2026-01-08,Customer Service,51,0,6,33,10,29,83,1,0,1,8.893611111111111,16.651666666666664,7.758055555555556
C008,2026-01-09,Customer Service,46,0,6,31,7,17,72,1,0,1,9.321111111111112,16.889166666666664,7.5680555555555555
C008,2026-01-12,Customer Service,46,0,7,30,7,14,81,1,0,1,9.045277777777777,17.053333333333335,8.008055555555556
C008,2026-01-13,Customer Service,42,0,4,30,6,17,77,1,0,1,8.987777777777778,16.620833333333334,7.633055555555556
C008,2026-01-14,Customer Service,42,0,3,27,10,18,67,0,0,1,8.720555555555556,17.021944444444443,8.301388888888889
C008,2026-01-15,Customer Service,41,0,5,24,10,26,49,1,0,1,8.788333333333334,16.424444444444447,7.636111111111111
C008,2026-01-16,Customer Service,29,0,4,19,4,9,43,0,0,1,8.593611111111112,17.072222222222223,8.47861111111111
C008,2026-01-19,Customer Service,45,0,5,30,8,23,73,1,0,1,8.487222222222222,16.552222222222223,8.065
C008,2026-01-20,Customer Service,40,0,1,30,7,21,63,1,0,1,8.390277777777778,16.235,7.844722222222222
C008,2026-01-21,Customer Service,29,0,1,22,4,9,57,0,0,1,8.7675,16.513055555555557,7.745555555555556
C008,2026-01-22,Customer Service,36,0,6,22,6,18,61,0,0,1,8.883055555555556,16.866388888888892,7.983333333333333
C008,2026-01-23,Customer Service,33,0,4,19,8,20,43,2,0,1,8.803333333333335,16.974999999999998,8.171666666666667
C008,2026-01-26,Customer Service,36,0,5,23,6,17,51,0,0,1,8.695277777777777,16.63277777777778,7.9375
C008,2026-01-27,Customer Service,47,0,4,31,10,30,72,1,0,1,8.678888888888888,17.260833333333334,8.581944444444444
C008,2026-01-28,Customer Service,38,0,2,25,9,27,58,0,0,1,8.493888888888888,16.345555555555553,7.851666666666667
C008,2026-01-29,Customer Service,34,0,3,24,5,11,52,0,0,1,8.6975,16.450555555555553,7.753055555555555
C008,2026-01-30,Customer Service,42,0,8,26,6,12,60,1,0,1,9.17361111111111,17.238055555555558,8.064444444444444
C008,2026-02-02,Customer Service,40,0,4,22,12,38,52,1,0,1,9.110833333333334,17.043055555555558,7.932222222222222
C008,2026-02-03,Customer Service,43,0,6,31,4,8,74,0,0,1,8.490277777777777,16.825277777777778,8.335
C008,2026-02-04,Customer Service,42,0,3,29,8,21,64,2,0,1,8.8325,17.37777777777778,8.545277777777779
C008,2026-02-05,Customer Service,36,0,4,26,4,11,61,2,0,1,8.79888888888889,16.495,7.696111111111111
C008,2026-02-06,Customer Service,38,0,2,24,10,19,51,1,0,1,8.585833333333333,17.018055555555556,8.432222222222222
C008,2026-02-09,Customer Service,46,0,3,33,8,27,79,0,0,1,8.943611111111112,16.93777777777778,7.994166666666667
C008,2026-02-10,Customer Service,42,0,5,25,10,26,63,1,0,1,8.81861111111111,16.85388888888889,8.035277777777777
C008,2026-02-11,Customer Service,41,0,4,25,10,22,64,0,0,1,8.899166666666666,16.80888888888889,7.909722222222222
C008,2026-02-12,Customer Service,38,0,3,23,10,19,55,0,0,1,9.038611111111111,17.65111111111111,8.6125
C008,2026-02-13,Customer Service,33,0,2,23,6,16,55,0,0,1,8.811944444444444,17.00583333333333,8.193888888888889
C009,2026-01-05,Customer Service,43,0,5,34,2,2,88,1,0,1,8.824166666666667,16.559722222222224,7.735555555555556
C009,2026-01-06,Customer Service,41,0,4,27,8,16,67,0,0,1,8.706944444444444,16.69388888888889,7.986944444444444
C009,2026-01-07,Customer Service,43,0,3,30,8,24,72,3,0,1,8.599166666666667,16.874166666666667,8.275
C009,2026-01-08,Customer Service,46,0,3,35,6,13,75,1,0,1,8.95861111111111,16.41,7.451388888888889
C009,2026-01-09,Customer Service,34,0,6,22,4,9,55,0,0,1,9.319444444444445,16.90111111111111,7.581666666666667
C009,2026-01-12,Customer Service,41,0,2,28,9,22,79,1,0,1,9.038333333333334,16.691388888888888,7.6530555555555555
C009,2026-01-13,Customer Service,37,0,4,23,8,24,66,0,0,1,8.737222222222222,15.83388888888889,7.096666666666667
C009,2026-01-14,Customer Service,46,0,4,30,10,25,68,0,0,1,8.631944444444445,16.860833333333336,8.22888888888889
C009,2026-01-15,Customer Service,43,0,2,33,6,16,87,3,0,1,8.37888888888889,16.114722222222223,7.735833333333333
C009,2026-01-16,Customer Service,38,0,7,22,7,19,56,1,0,1,8.37861111111111,16.191388888888888,7.812777777777778
C009,2026-01-19,Customer Service,38,0,3,28,5,11,69,1,0,1,8.346111111111112,16.20638888888889,7.860277777777778
C009,2026-01-20,Customer Service,32,0,4,22,4,12,54,0,0,1,8.93361111111111,17.90972222222222,8.976111111111111
C009,2026-01-21,Customer Service,39,0,2,30,5,10,79,3,0,1,8.591666666666667,16.012777777777778,7.421111111111111
C009,2026-01-22,Customer Service,44,0,4,31,7,13,79,1,0,1,8.628333333333334,16.822777777777777,8.194444444444445
C009,2026-01-23,Customer Service,38,0,7,24,5,16,58,3,0,1,8.415833333333333,16.098055555555554,7.682222222222222
C009,2026-01-26,Customer Service,38,0,2,28,6,13,61,0,0,1,9.000833333333333,17.197777777777777,8.196944444444444
C009,2026-01-27,Customer Service,40,0,5,23,10,24,47,0,0,1,8.414166666666667,17.03638888888889,8.622222222222222
C009,2026-01-28,Customer Service,41,0,1,28,10,27,83,1,0,1,8.734166666666665,17.00111111111111,8.266944444444444
C009,2026-01-29,Customer Service,40,0,5,26,7,17,68,0,0,1,8.978055555555555,16.940277777777776,7.9622222222222225
C009,2026-01-30,Customer Service,40,0,3,23,12,25,64,1,0,1,8.86111111111111,17.197222222222223,8.33611111111111
C009,2026-02-02,Customer Service,44,0,7,26,9,28,72,0,0,1,9.101666666666667,16.6425,7.5408333333333335
C009,2026-02-03,Customer Service,37,0,3,25,7,19,64,2,0,1,8.866666666666667,16.990833333333335,8.124166666666667
C009,2026-02-04,Customer Service,42,0,3,30,7,16,76,0,0,1,8.792222222222222,17.534166666666668,8.741944444444444
C009,2026-02-05,Customer Service,37,0,2,26,7,16,66,3,0,1,8.574166666666667,16.748333333333335,8.174166666666666
C009,2026-02-06,Customer Service,41,0,4,25,10,28,63,1,0,1,8.910555555555556,16.948055555555555,8.0375
C009,2026-02-09,Customer Service,38,0,3,24,9,19,63,0,0,1,8.862499999999999,16.2675,7.405
C009,2026-02-10,Customer Service,27,0,3,16,6,15,39,1,0,1,8.8525,16.826666666666668,7.974166666666667
C009,2026-02-11,Customer Service,37,0,2,25,8,22,65,1,0,1,9.155833333333334,17.126944444444444,7.971111111111111
C009,2026-02-12,Customer Service,48,0,5,35,6,16,87,1,0,1,8.924444444444443,16.705277777777777,7.780833333333334
C009,2026-02-13,Customer Service,45,0,3,33,7,18,80,0,0,1,8.78277777777778,17.205,8.422222222222222
C010,2026-01-05,Customer Service,31,0,4,20,5,14,52,0,0,1,9.009444444444444,17.209722222222222,8.200277777777778
C010,2026-01-06,Customer Service,44,0,4,29,9,26,71,1,0,1,9.207777777777777,17.857222222222223,8.649444444444445
C010,2026-01-07,Customer Service,39,0,9,21,7,21,54,0,0,1,8.415555555555557,16.21861111111111,7.803055555555556
C010,2026-01-08,Customer Service,35,0,5,22,6,18,58,0,0,1,8.686944444444444,16.119722222222222,7.432777777777778
C010,2026-01-09,Customer Service,39,0,1,30,6,15,71,2,0,1,9.072222222222223,17.38138888888889,8.309166666666666
C010,2026-01-12,Customer Service,37,0,5,22,8,21,54,1,0,1,8.8325,16.960555555555555,8.128055555555555
C010,2026-01-13,Customer Service,43,0,7,24,10,26,64,1,0,1,8.749166666666666,16.750833333333333,8.001666666666667
C010,2026-01-14,Customer Service,36,0,1,21,12,31,50,0,0,1,8.00361111111111,16.034166666666668,8.030555555555555
C010,2026-01-15,Customer Service,44,0,2,33,7,16,89,1,0,1,8.489166666666666,16.830277777777777,8.341111111111111
C010,2026-01-16,Customer Service,32,0,5,17,8,18,39,0,0,1,8.806666666666667,16.930555555555557,8.123888888888889
C010,2026-01-19,Customer Service,51,0,7,31,11,27,79,1,0,1,8.581666666666667,16.424444444444447,7.842777777777778
C010,2026-01-20,Customer Service,38,0,3,24,9,25,64,0,0,1,8.884444444444444,17.148888888888887,8.264444444444445
C010,2026-01-21,Customer Service,37,0,7,25,3,5,74,0,0,1,8.859444444444444,16.794722222222223,7.935277777777777
C010,2026-01-22,Customer Service,34,0,3,22,7,22,48,1,0,1,8.931111111111111,16.697222222222223,7.766111111111111
C010,2026-01-23,Customer Service,34,0,3,26,3,8,71,1,0,1,8.793611111111112,16.50777777777778,7.714166666666666
C010,2026-01-26,Customer Service,40,0,5,24,9,17,59,1,0,1,8.621944444444445,16.737222222222222,8.115277777777777
C010,2026-01-27,Customer Service,32,0,3,23,4,12,65,2,0,1,8.272222222222224,16.81861111111111,8.546388888888888
C010,2026-01-28,Customer Service,43,0,3,30,8,16,78,4,0,1,8.801111111111112,16.71388888888889,7.9127777777777775
C010,2026-01-29,Customer Service,44,0,4,26,12,28,64,2,0,1,8.43888888888889,16.31861111111111,7.879722222222222
C010,2026-01-30,Customer Service,40,0,6,29,3,7,72,1,0,1,9.048333333333334,17.440277777777776,8.391944444444444
C010,2026-02-02,Customer Service,49,0,3,32,12,30,78,1,0,1,9.08361111111111,17.18861111111111,8.105
C010,2026-02-03,Customer Service,38,0,5,23,8,17,58,0,0,1,8.997777777777777,17.218888888888888,8.221111111111112
C010,2026-02-04,Customer Service,33,0,3,22,6,18,52,0,0,1,8.136111111111111,16.028333333333332,7.892222222222222
C010,2026-02-05,Customer Service,42,0,6,23,11,28,58,0,0,1,8.591944444444445,16.932222222222222,8.340277777777779
C010,2026-02-06,Customer Service,44,0,4,29,9,26,77,2,0,1,9.065000000000001,17.731388888888887,8.66638888888889
C010,2026-02-09,Customer Service,34,0,4,22,6,15,55,0,0,1,8.745,16.79277777777778,8.047777777777778
C010,2026-02-10,Customer Service,42,0,2,27,11,31,68,1,0,1,8.720555555555556,16.605833333333333,7.885277777777778
C010,2026-02-11,Customer Service,46,0,5,34,5,11,93,1,0,1,8.952777777777778,16.960555555555555,8.007777777777777
C010,2026-02-12,Customer Service,38,0,3,25,8,20,62,0,0,1,8.620277777777778,16.384166666666665,7.763888888888889
C010,2026-02-13,Customer Service,41,0,2,23,14,36,53,0,0,1,8.544722222222221,16.516666666666666,7.9719444444444445
M001,2026-01-05,Manager,30,0,1,17,10,46,54,1,0,1,8.823611111111111,17.240000000000002,8.41638888888889
M001,2026-01-06,Manager,21,0,1,5,13,55,16,0,0,1,8.605833333333333,16.384722222222223,7.778888888888889
M001,2026-01-07,Manager,30,0,2,13,13,52,40,2,0,1,8.236944444444443,18.05666666666667,9.819722222222222
M001,2026-01-08,Manager,34,1,3,8,20,83,28,0,0,1,8.120277777777778,16.67361111111111,8.553333333333333
M001,2026-01-09,Manager,32,0,7,16,7,28,51,2,0,1,8.253055555555555,16.645833333333332,8.392777777777777
M001,2026-01-12,Manager,33,0,5,14,12,57,50,1,0,1,8.805833333333334,17.427500000000002,8.621666666666666
M001,2026-01-13,Manager,32,0,1,9,20,83,33,0,0,1,8.985555555555555,18.229166666666664,9.243611111111111
M001,2026-01-14,Manager,24,0,5,11,6,31,33,2,0,1,8.71361111111111,17.345555555555553,8.631944444444445
M001,2026-01-15,Manager,35,0,5,12,16,62,43,1,0,1,8.2925,16.841388888888886,8.54888888888889
M001,2026-01-16,Manager,41,0,7,19,13,42,48,1,0,1,8.50611111111111,16.101111111111113,7.595
M001,2026-01-19,Manager,41,0,7,23,9,36,71,2,0,1,8.6075,17.57111111111111,8.963611111111112
M001,2026-01-20,Manager,26,0,1,11,12,68,28,3,0,1,8.487777777777778,17.165277777777778,8.6775
M001,2026-01-21,Manager,26,0,3,11,10,41,33,1,0,1,8.7325,16.883055555555558,8.150555555555556
M001,2026-01-22,Manager,35,0,4,11,18,88,34,0,0,1,8.794444444444444,16.891111111111112,8.096666666666666
M001,2026-01-23,Manager,32,0,3,11,16,61,30,1,0,1,8.909444444444444,17.551111111111112,8.641666666666667
M001,2026-01-26,Manager,28,0,3,17,6,41,51,1,0,1,8.549166666666666,17.702777777777776,9.153611111111111
M001,2026-01-27,Manager,34,0,3,16,13,54,49,0,0,1,8.407777777777778,16.88611111111111,8.478333333333333
M001,2026-01-28,Manager,29,0,3,10,14,57,28,2,0,1,8.431666666666667,16.591388888888886,8.159722222222221
M001,2026-01-29,Manager,32,0,1,13,16,79,46,0,0,1,8.97638888888889,17.823333333333334,8.846944444444444
M001,2026-01-30,Manager,34,0,4,12,16,66,37,1,0,1,8.716111111111111,16.90583333333333,8.189722222222223
M001,2026-02-02,Manager,32,0,4,12,14,63,34,2,0,1,8.202777777777778,17.699444444444445,9.496666666666666
M001,2026-02-03,Manager,32,0,2,16,12,61,37,1,0,1,9.181944444444444,17.46861111111111,8.286666666666667
M001,2026-02-04,Manager,26,0,4,9,11,46,26,2,0,1,8.228333333333333,16.331944444444446,8.10361111111111
M001,2026-02-05,Manager,25,0,3,11,9,41,27,0,0,1,8.728333333333333,18.135833333333334,9.4075
M001,2026-02-06,Manager,26,0,0,10,14,51,36,0,0,1,8.55638888888889,17.664166666666667,9.107777777777779
M001,2026-02-09,Manager,40,0,2,21,15,58,63,0,0,1,8.536388888888888,16.833888888888886,8.2975
M001,2026-02-10,Manager,26,0,4,11,9,30,38,2,0,1,8.298333333333334,17.042222222222225,8.74388888888889
M001,2026-02-11,Manager,26,0,2,9,13,52,23,2,0,1,7.850833333333333,16.64611111111111,8.795277777777779
M001,2026-02-12,Manager,27,0,2,9,14,64,31,1,0,1,8.54138888888889,17.426111111111112,8.884722222222223
M001,2026-02-13,Manager,31,0,0,17,12,62,47,4,0,1,8.764166666666666,17.29138888888889,8.527222222222223
M002,2026-01-05,Manager,32,0,3,11,16,65,27,1,0,1,8.043888888888889,16.185555555555556,8.141666666666667
M002,2026-01-06,Manager,31,0,5,11,13,50,26,1,0,1,8.393055555555556,16.551111111111112,8.158055555555556
M002,2026-01-07,Manager,28,0,3,8,15,79,18,2,0,1,7.968055555555556,15.270277777777778,7.302222222222222
M002,2026-01-08,Manager,27,0,3,8,14,66,24,0,0,1,8.106388888888889,16.330277777777777,8.223888888888888
M002,2026-01-09,Manager,28,0,3,13,10,44,33,0,0,1,8.18388888888889,15.764166666666666,7.580277777777778
M002,2026-01-12,Manager,25,0,3,11,9,46,28,2,0,1,8.488333333333333,17.758055555555554,9.269722222222223
M002,2026-01-13,Manager,25,0,3,6,14,48,22,0,0,1,8.664444444444445,17.775277777777777,9.110833333333334
M002,2026-01-14,Manager,28,0,2,11,13,58,30,2,0,1,7.995,17.544444444444448,9.549444444444445
M002,2026-01-15,Manager,32,0,2,12,16,75,34,1,0,1,8.505277777777778,17.75638888888889,9.251111111111111
M002,2026-01-16,Manager,25,0,4,7,12,55,23,0,0,1,8.179444444444444,16.165555555555553,7.986111111111111
M002,2026-01-19,Manager,30,0,2,12,14,64,35,0,0,1,9.04861111111111,17.205555555555556,8.156944444444445
M002,2026-01-20,Manager,22,0,3,4,13,57,8,0,0,1,8.459166666666667,16.49277777777778,8.033611111111112
M002,2026-01-21,Manager,28,0,0,15,11,59,43,3,0,1,8.913333333333334,17.409444444444443,8.49611111111111
M002,2026-01-22,Manager,27,0,3,9,13,54,24,0,0,1,8.297222222222222,17.085833333333333,8.788611111111111
M002,2026-01-23,Manager,42,0,4,15,21,102,45,0,0,1,8.730555555555556,16.938333333333333,8.207777777777778
M002,2026-01-26,Manager,32,0,5,11,14,55,28,0,0,1,8.379722222222222,16.886666666666667,8.506944444444445
M002,2026-01-27,Manager,40,0,1,20,17,71,53,2,0,1,8.716388888888888,18.05527777777778,9.338888888888889
M002,2026-01-28,Manager,27,0,2,8,15,66,20,0,0,1,8.431111111111111,17.1325,8.70138888888889
M002,2026-01-29,Manager,32,0,4,14,12,61,42,2,0,1,8.698055555555555,17.238611111111112,8.540555555555555
M002,2026-01-30,Manager,33,0,5,14,12,53,36,0,0,1,8.721111111111112,17.34361111111111,8.6225
M002,2026-02-02,Manager,32,0,2,14,14,61,42,2,0,1,8.300555555555556,16.283333333333335,7.982777777777778
M002,2026-02-03,Manager,38,0,5,13,18,84,41,0,0,1,8.581111111111111,16.643055555555556,8.061944444444444
M002,2026-02-04,Manager,29,0,1,19,7,26,57,1,0,1,8.023611111111112,16.43277777777778,8.409166666666666
M002,2026-02-05,Manager,30,0,3,7,18,80,19,1,0,1,8.196944444444444,16.01722222222222,7.820277777777778
M002,2026-02-06,Manager,35,0,2,14,17,82,54,1,0,1,8.811111111111112,17.535555555555558,8.724444444444444
M002,2026-02-09,Manager,32,0,5,12,13,58,35,0,0,1,8.533055555555556,17.241944444444446,8.70888888888889
M002,2026-02-10,Manager,34,0,5,10,17,97,31,0,0,1,8.761111111111111,16.372777777777777,7.611666666666666
M002,2026-02-11,Manager,29,0,2,15,10,35,49,3,0,1,9.051111111111112,17.733888888888888,8.682777777777778
M002,2026-02-12,Manager,26,0,2,10,12,55,29,1,0,1,8.617777777777778,17.378888888888888,8.761111111111111
M002,2026-02-13,Manager,27,0,2,10,13,59,34,0,0,1,7.835,15.536944444444444,7.701944444444444
M003,2026-01-05,Manager,24,0,1,7,14,57,20,1,0,1,8.2325,16.50888888888889,8.276388888888889
M003,2026-01-06,Manager,27,0,0,14,11,40,39,0,0,1,8.954444444444444,17.11916666666667,8.164722222222222
M003,2026-01-07,Manager,38,0,3,18,15,64,49,0,0,1,8.958333333333332,16.721944444444443,7.7636111111111115
M003,2026-01-08,Manager,25,0,0,12,11,51,44,1,0,1,8.776944444444446,17.59638888888889,8.819444444444445
M003,2026-01-09,Manager,32,0,5,9,16,74,31,0,0,1,8.304444444444446,17.34583333333333,9.04138888888889
M003,2026-01-12,Manager,22,0,2,5,13,46,20,0,0,1,7.876944444444445,15.75,7.873055555555555
M003,2026-01-13,Manager,32,0,5,15,10,42,53,0,0,1,8.283333333333333,17.345,9.061666666666667
M003,2026-01-14,Manager,32,1,4,11,14,58,35,0,0,1,8.971111111111112,17.688055555555557,8.716944444444444
M003,2026-01-15,Manager,25,0,1,9,13,55,34,0,0,1,8.779166666666667,16.384444444444444,7.605277777777777
M003,2026-01-16,Manager,33,0,3,19,9,40,51,2,0,1,9.326944444444445,17.557222222222222,8.230277777777777
M003,2026-01-19,Manager,31,0,1,13,15,59,52,1,0,1,8.678333333333333,17.552777777777777,8.874444444444444
M003,2026-01-20,Manager,28,0,1,15,10,43,47,0,0,1,8.786944444444444,17.076666666666668,8.289722222222222
M003,2026-01-21,Manager,30,0,1,15,12,68,48,2,0,1,8.176388888888889,16.891111111111112,8.714722222222223
M003,2026-01-22,Manager,36,0,3,15,16,63,41,1,0,1,8.2175,16.44361111111111,8.226111111111111
M003,2026-01-23,Manager,24,0,0,8,14,54,21,2,0,1,8.530833333333334,17.75,9.219166666666666
M003,2026-01-26,Manager,36,0,3,16,15,68,45,5,0,1,8.916111111111112,16.223888888888887,7.307777777777778
M003,2026-01-27,Manager,25,0,1,10,12,44,29,0,0,1,8.8525,17.429166666666667,8.576666666666666
M003,2026-01-28,Manager,31,0,2,14,13,70,42,1,0,1,8.895277777777777,17.982777777777777,9.0875
M003,2026-01-29,Manager,29,0,3,16,8,35,48,1,0,1,8.002222222222223,16.503888888888888,8.501666666666667
M003,2026-01-30,Manager,37,0,7,15,13,52,34,2,0,1,8.786944444444444,18.75861111111111,9.971666666666666
M003,2026-02-02,Manager,39,0,3,11,23,103,33,0,0,1,7.687222222222222,17.198611111111113,9.511388888888888
M003,2026-02-03,Manager,33,0,1,14,16,73,32,0,0,1,8.56388888888889,17.36527777777778,8.801388888888889
M003,2026-02-04,Manager,31,0,2,15,12,59,39,2,0,1,8.495833333333332,16.878611111111113,8.382777777777777
M003,2026-02-05,Manager,27,0,3,14,8,35,31,0,0,1,8.034444444444444,15.529166666666667,7.494722222222222
M003,2026-02-06,Manager,36,0,5,12,17,88,42,0,0,1,8.465277777777777,17.10527777777778,8.64
M003,2026-02-09,Manager,31,0,5,14,10,40,44,1,0,1,8.71888888888889,18.398611111111112,9.679722222222223
M003,2026-02-10,Manager,27,0,1,13,11,48,48,1,0,1,8.427222222222222,16.230555555555554,7.803333333333334
M003,2026-02-11,Manager,30,0,2,11,15,56,25,0,0,1,8.205555555555556,17.449722222222224,9.244166666666667
M003,2026-02-12,Manager,24,0,3,11,8,43,36,2,0,1,8.267222222222223,17.19527777777778,8.928055555555556
M003,2026-02-13,Manager,16,0,1,4,9,53,15,0,0,1,8.81638888888889,17.413888888888888,8.5975
M004,2026-01-05,Manager,26,0,3,11,10,40,27,0,0,1,8.389166666666666,16.624166666666667,8.235
M004,2026-01-06,Manager,31,0,4,16,9,49,54,1,0,1,7.908055555555556,16.321944444444444,8.41388888888889
M004,2026-01-07,Manager,31,0,4,15,10,48,46,0,0,1,8.6375,17.363333333333333,8.725833333333334
M004,2026-01-08,Manager,32,0,3,12,15,72,36,3,0,1,8.243611111111111,16.591388888888886,8.347777777777777
M004,2026-01-09,Manager,30,0,2,13,13,59,38,1,0,1,8.485555555555555,17.83861111111111,9.353055555555555
M004,2026-01-12,Manager,19,0,1,9,7,37,33,1,0,1,8.440277777777778,16.496944444444445,8.056666666666667
M004,2026-01-13,Manager,32,0,2,17,11,41,40,2,0,1,8.430833333333332,16.645833333333332,8.215
M004,2026-01-14,Manager,33,0,3,17,11,42,52,0,0,1,9.184444444444445,17.06222222222222,7.877777777777778
M004,2026-01-15,Manager,30,0,4,9,15,78,27,0,0,1,8.529444444444445,16.51722222222222,7.987777777777778
M004,2026-01-16,Manager,29,0,4,15,8,36,41,1,0,1,7.804166666666666,15.915833333333333,8.111666666666666
M004,2026-01-19,Manager,30,0,3,13,12,57,44,0,0,1,8.429166666666665,17.360555555555557,8.93138888888889
M004,2026-01-20,Manager,31,0,3,10,16,76,29,1,0,1,8.303333333333335,16.641666666666666,8.338333333333333
M004,2026-01-21,Manager,33,0,4,11,16,75,38,0,0,1,8.57861111111111,17.529166666666665,8.950555555555555
M004,2026-01-22,Manager,26,0,2,6,16,55,22,2,0,1,8.485277777777776,17.570833333333333,9.085555555555555
M004,2026-01-23,Manager,41,0,2,24,13,60,61,3,0,1,8.029166666666667,16.774444444444445,8.745277777777778
M004,2026-01-26,Manager,26,0,1,12,11,44,37,1,0,1,8.454722222222221,18.22861111111111,9.773888888888889
M004,2026-01-27,Manager,29,0,4,11,12,49,20,1,0,1,8.455277777777777,17.738055555555558,9.282777777777778
M004,2026-01-28,Manager,16,0,0,5,9,37,15,0,0,1,9.066944444444443,17.10027777777778,8.033333333333333
M004,2026-01-29,Manager,29,0,2,14,11,38,29,2,0,1,8.412777777777778,16.47972222222222,8.066944444444445
M004,2026-01-30,Manager,34,0,1,17,14,49,48,3,0,1,8.936388888888889,17.145833333333332,8.209444444444445
M004,2026-02-02,Manager,39,0,2,23,12,61,61,2,0,1,9.126666666666667,17.722777777777775,8.596111111111112
M004,2026-02-03,Manager,27,0,5,10,10,57,34,0,0,1,8.06,16.453611111111112,8.393611111111111
M004,2026-02-04,Manager,30,0,0,14,14,69,46,3,0,1,8.766111111111112,17.351944444444445,8.585833333333333
M004,2026-02-05,Manager,27,0,5,9,11,42,29,0,0,1,8.626666666666667,17.810555555555556,9.18388888888889
M004,2026-02-06,Manager,36,0,5,13,16,65,36,0,0,1,8.693333333333333,17.227777777777778,8.534444444444444
M004,2026-02-09,Manager,30,0,2,14,12,45,39,0,0,1,8.512777777777778,17.980833333333333,9.468055555555555
M004,2026-02-10,Manager,24,0,2,8,12,51,26,1,0,1,8.52888888888889,17.59583333333333,9.066944444444445
M004,2026-02-11,Manager,29,0,4,8,15,78,30,0,0,1,8.575277777777778,16.055555555555557,7.480277777777777
M004,2026-02-12,Manager,29,0,4,8,15,66,20,0,0,1,8.577222222222222,17.16722222222222,8.59
M004,2026-02-13,Manager,35,0,6,16,11,49,41,1,0,1,8.775555555555556,17.018055555555556,8.2425
M005,2026-01-05,Manager,38,0,2,18,16,65,51,2,0,1,8.533055555555556,17.390555555555554,8.8575
M005,2026-01-06,Manager,34,0,5,11,16,88,35,4,0,1,8.895555555555555,18.202777777777776,9.307222222222222
M005,2026-01-07,Manager,32,0,4,11,15,70,37,1,0,1,8.335555555555556,17.43166666666667,9.096111111111112
M005,2026-01-08,Manager,28,0,2,7,17,88,23,1,0,1,8.657777777777778,17.88722222222222,9.229444444444445
M005,2026-01-09,Manager,34,0,1,13,18,63,43,1,0,1,8.396388888888888,17.58611111111111,9.189722222222223
M005,2026-01-12,Manager,27,0,2,10,13,45,26,0,0,1,8.455,16.297500000000003,7.8425
M005,2026-01-13,Manager,35,0,8,10,15,70,30,1,0,1,8.146666666666667,17.568055555555556,9.421388888888888
M005,2026-01-14,Manager,37,0,4,19,12,46,67,3,0,1,9.074444444444444,17.976388888888888,8.901944444444444
M005,2026-01-15,Manager,19,0,1,7,9,39,28,0,0,1,8.989999999999998,16.819444444444443,7.829444444444444
M005,2026-01-16,Manager,27,0,4,8,13,77,22,0,0,1,8.640555555555554,16.841666666666665,8.20111111111111
M005,2026-01-19,Manager,34,0,2,17,13,52,47,4,0,1,8.230833333333333,16.053333333333335,7.8225
M005,2026-01-20,Manager,32,0,2,13,15,64,38,1,0,1,8.683055555555555,17.82,9.136944444444444
M005,2026-01-21,Manager,16,0,6,3,5,24,7,2,0,1,8.502777777777778,16.926111111111112,8.423333333333334
M005,2026-01-22,Manager,28,0,1,15,10,41,44,1,0,1,8.990833333333333,17.540555555555557,8.549722222222222
M005,2026-01-23,Manager,25,0,1,12,10,50,37,0,0,1,8.934444444444445,17.913055555555555,8.97861111111111
M005,2026-01-26,Manager,26,0,3,14,7,31,46,1,0,1,8.035,16.154999999999998,8.12
M005,2026-01-27,Manager,33,0,3,11,17,85,31,0,0,1,7.789166666666667,15.831388888888888,8.042222222222222
M005,2026-01-28,Manager,23,0,1,13,7,30,43,0,0,1,8.672777777777776,17.588055555555556,8.915277777777778
M005,2026-01-29,Manager,34,0,2,14,16,82,44,0,0,1,8.287222222222223,17.48638888888889,9.199166666666667
M005,2026-01-30,Manager,23,0,1,7,13,87,17,0,0,1,8.561111111111112,17.730277777777776,9.169166666666667
M005,2026-02-02,Manager,34,0,1,14,17,89,34,3,0,1,8.837222222222223,17.051944444444445,8.214722222222223
M005,2026-02-03,Manager,20,0,2,10,6,29,37,2,0,1,8.92361111111111,17.043055555555558,8.119444444444444
M005,2026-02-04,Manager,28,0,2,9,15,61,27,1,0,1,8.652222222222223,16.721944444444443,8.069722222222222
M005,2026-02-05,Manager,33,0,1,18,12,63,60,1,0,1,8.687222222222223,17.112222222222222,8.425
M005,2026-02-06,Manager,27,0,3,6,16,72,19,0,0,1,8.208888888888888,15.924444444444443,7.7155555555555555
M005,2026-02-09,Manager,33,0,5,8,18,94,18,0,0,1,8.232222222222223,16.92027777777778,8.688055555555556
M005,2026-02-10,Manager,23,0,1,8,12,66,30,0,0,1,8.841944444444445,16.95888888888889,8.116944444444444
M005,2026-02-11,Manager,32,0,3,16,11,68,37,0,0,1,7.7,16.146944444444443,8.446944444444444
M005,2026-02-12,Manager,26,0,5,7,12,64,27,1,0,1,8.346944444444444,16.291111111111114,7.944166666666667
M005,2026-02-13,Manager,26,0,3,9,12,48,23,0,0,1,8.643611111111111,16.276944444444442,7.633333333333334
M006,2026-01-05,Manager,36,0,3,16,15,64,50,4,0,1,8.690833333333334,16.861944444444447,8.171111111111111
M006,2026-01-06,Manager,35,0,4,14,15,74,22,1,0,1,8.482222222222223,16.66777777777778,8.185555555555556
M006,2026-01-07,Manager,30,0,3,13,12,47,36,1,0,1,8.22888888888889,16.149722222222223,7.920833333333333
M006,2026-01-08,Manager,31,0,4,13,12,51,35,1,0,1,8.822777777777777,17.764166666666668,8.94138888888889
M006,2026-01-09,Manager,28,0,3,11,12,45,34,0,0,1,8.115555555555556,17.083333333333332,8.967777777777778
M006,2026-01-12,Manager,37,0,4,19,12,51,42,1,0,1,7.7875,16.342777777777776,8.555277777777778
M006,2026-01-13,Manager,16,0,1,7,6,30,15,1,0,1,8.626111111111111,17.57111111111111,8.945
M006,2026-01-14,Manager,33,0,4,4,23,112,12,0,0,1,8.288055555555555,16.747222222222224,8.459166666666667
M006,2026-01-15,Manager,26,0,3,6,15,61,12,1,0,1,8.70361111111111,17.834999999999997,9.131388888888889
M006,2026-01-16,Manager,21,0,3,6,10,66,27,0,0,1,7.800277777777778,16.08138888888889,8.28111111111111
M006,2026-01-19,Manager,33,0,2,16,13,70,57,3,0,1,8.605555555555556,17.169722222222223,8.564166666666667
M006,2026-01-20,Manager,38,0,2,22,12,62,77,0,0,1,8.247777777777777,16.230277777777776,7.9825
M006,2026-01-21,Manager,27,0,2,15,8,37,51,0,0,1,8.67,18.15972222222222,9.489722222222222
M006,2026-01-22,Manager,25,0,2,12,9,34,38,1,0,1,8.0475,17.03888888888889,8.991388888888888
M006,2026-01-23,Manager,28,0,1,11,14,56,23,1,0,1,8.725277777777778,16.878333333333334,8.153055555555556
M006,2026-01-26,Manager,37,0,6,16,13,50,47,0,0,1,8.539444444444444,17.146666666666665,8.607222222222223
M006,2026-01-27,Manager,33,0,3,16,12,63,49,2,0,1,7.926666666666667,16.59861111111111,8.671944444444444
M006,2026-01-28,Manager,26,0,3,9,12,48,27,0,0,1,8.33388888888889,16.325833333333332,7.991944444444444
M006,2026-01-29,Manager,33,0,3,14,14,73,42,1,0,1,8.792222222222222,17.373055555555556,8.580833333333333
M006,2026-01-30,Manager,24,0,2,5,15,57,15,0,0,1,8.783055555555556,16.618055555555557,7.835
M006,2026-02-02,Manager,28,0,4,14,8,37,30,3,0,1,8.420833333333333,16.55666666666667,8.135833333333334
M006,2026-02-03,Manager,23,0,3,9,9,48,26,0,0,1,8.57611111111111,16.598055555555554,8.021944444444445
M006,2026-02-04,Manager,32,0,1,12,17,68,41,0,0,1,8.897777777777778,17.340277777777775,8.4425
M006,2026-02-05,Manager,34,0,2,13,17,73,36,2,0,1,8.679722222222221,17.93277777777778,9.253055555555555
M006,2026-02-06,Manager,29,0,1,13,13,52,29,1,0,1,9.002222222222223,18.690555555555555,9.688333333333333
M006,2026-02-09,Manager,32,0,2,15,13,60,46,0,0,1,9.099722222222223,17.060277777777777,7.960555555555556
M006,2026-02-10,Manager,28,0,4,8,14,74,26,0,0,1,8.273611111111112,16.62361111111111,8.35
M006,2026-02-11,Manager,29,0,3,13,11,47,39,2,0,1,8.470277777777778,17.608055555555556,9.137777777777778
M006,2026-02-12,Manager,28,0,1,14,11,41,52,1,0,1,8.285833333333333,17.28888888888889,9.003055555555555
M006,2026-02-13,Manager,26,0,1,13,10,51,44,1,0,1,8.498055555555554,16.96527777777778,8.467222222222222
M007,2026-01-05,Manager,27,0,2,11,12,55,37,0,0,1,8.811111111111112,17.51222222222222,8.70111111111111
M007,2026-01-06,Manager,27,0,3,7,15,74,27,1,0,1,8.41638888888889,16.375,7.958611111111111
M007,2026-01-07,Manager,30,0,1,17,10,50,57,0,0,1,8.979166666666666,16.93,7.950833333333334
M007,2026-01-08,Manager,25,0,3,8,12,48,26,1,0,1,8.756944444444445,16.933333333333334,8.176388888888889
M007,2026-01-09,Manager,34,0,4,16,12,47,46,2,0,1,8.470833333333333,16.289722222222224,7.818888888888889
M007,2026-01-12,Manager,22,0,2,12,6,22,42,0,0,1,8.574166666666667,17.53805555555556,8.963888888888889
M007,2026-01-13,Manager,28,0,1,12,13,44,35,0,0,1,8.550833333333333,17.25777777777778,8.706944444444444
M007,2026-01-14,Manager,30,0,5,10,13,51,19,2,0,1,8.6075,17.130833333333335,8.523333333333333
M007,2026-01-15,Manager,31,0,2,15,12,50,48,2,0,1,8.784722222222221,17.342222222222222,8.5575
M007,2026-01-16,Manager,38,0,2,18,16,79,43,3,0,1,8.5475,16.695555555555554,8.148055555555555
M007,2026-01-19,Manager,24,0,0,9,13,60,24,0,0,1,8.712777777777777,17.27611111111111,8.563333333333333
M007,2026-01-20,Manager,27,0,2,9,14,63,24,1,0,1,8.158888888888889,16.93,8.77111111111111
M007,2026-01-21,Manager,33,0,6,9,16,78,30,1,0,1,8.701388888888888,17.154444444444444,8.453055555555556
M007,2026-01-22,Manager,41,0,3,15,21,89,39,3,0,1,8.219444444444445,16.050833333333333,7.831388888888889
M007,2026-01-23,Manager,25,0,1,11,11,58,43,0,0,1,9.351666666666667,17.863055555555558,8.511388888888888
M007,2026-01-26,Manager,38,0,5,14,17,77,42,2,0,1,8.56027777777778,17.532777777777778,8.9725
M007,2026-01-27,Manager,31,0,2,9,18,76,28,1,0,1,9.002222222222223,17.358611111111113,8.356388888888889
M007,2026-01-28,Manager,22,0,2,10,8,22,33,2,0,1,8.176944444444445,16.478888888888886,8.301944444444445
M007,2026-01-29,Manager,28,0,2,12,12,68,30,1,0,1,9.345,17.665,8.32
M007,2026-01-30,Manager,32,0,2,19,9,36,50,3,0,1,7.796666666666667,16.296944444444446,8.500277777777777
M007,2026-02-02,Manager,38,0,4,18,14,64,55,0,0,1,8.463333333333333,17.103333333333335,8.64
M007,2026-02-03,Manager,35,0,7,17,9,45,55,1,0,1,8.365833333333333,15.151944444444444,6.786111111111111
M007,2026-02-04,Manager,25,0,3,8,12,52,19,1,0,1,8.324722222222222,16.736666666666668,8.411944444444444
M007,2026-02-05,Manager,34,0,1,16,15,77,45,1,0,1,8.551666666666668,18.025555555555556,9.473888888888888
M007,2026-02-06,Manager,28,0,5,13,8,40,44,1,0,1,8.492777777777777,16.944166666666668,8.45138888888889
M007,2026-02-09,Manager,34,0,2,10,20,80,28,1,0,1,8.482222222222223,17.028333333333332,8.546111111111111
M007,2026-02-10,Manager,28,0,3,12,11,55,40,1,0,1,8.302777777777779,17.299444444444447,8.996666666666666
M007,2026-02-11,Manager,27,0,1,14,10,40,30,2,0,1,8.639722222222222,17.44361111111111,8.803888888888888
M007,2026-02-12,Manager,28,0,5,9,12,53,33,2,0,1,8.924166666666666,18.252222222222223,9.328055555555556
M007,2026-02-13,Manager,35,1,3,17,12,39,52,0,0,1,8.507777777777777,16.493333333333336,7.985555555555556
M008,2026-01-05,Manager,37,0,5,11,19,96,33,1,0,1,8.71861111111111,16.31888888888889,7.6002777777777775
M008,2026-01-06,Manager,31,0,5,11,13,55,31,1,0,1,8.4725,15.963055555555554,7.490555555555556
M008,2026-01-07,Manager,36,0,3,12,19,90,29,2,0,1,8.360277777777778,16.569444444444443,8.209166666666667
M008,2026-01-08,Manager,32,0,3,10,17,61,21,3,0,1,7.806388888888889,15.900555555555556,8.094166666666666
M008,2026-01-09,Manager,36,0,2,10,22,86,35,1,0,1,8.832777777777778,17.819444444444443,8.986666666666666
M008,2026-01-12,Manager,34,0,3,16,13,42,47,0,0,1,9.277500000000002,17.943055555555556,8.665555555555555
M008,2026-01-13,Manager,34,0,3,16,13,56,57,0,0,1,8.945277777777777,17.21472222222222,8.269444444444444
M008,2026-01-14,Manager,36,0,2,11,21,114,32,2,0,1,8.562222222222223,17.49138888888889,8.929166666666667
M008,2026-01-15,Manager,27,0,1,14,10,56,42,2,0,1,8.659166666666668,16.866944444444446,8.207777777777778
M008,2026-01-16,Manager,38,0,5,11,20,96,43,1,0,1,8.45861111111111,17.075833333333332,8.617222222222223
M008,2026-01-19,Manager,31,0,1,17,11,51,60,3,0,1,8.887777777777778,17.842777777777776,8.955
M008,2026-01-20,Manager,31,0,1,17,11,56,45,1,0,1,8.519444444444446,16.47861111111111,7.9591666666666665
M008,2026-01-21,Manager,33,0,4,15,12,47,50,0,0,1,8.299444444444445,16.97472222222222,8.675277777777778
M008,2026-01-22,Manager,24,0,2,13,7,34,35,1,0,1,8.845277777777778,17.0675,8.222222222222221
M008,2026-01-23,Manager,44,0,3,21,18,84,69,1,0,1,8.666111111111112,18.366944444444446,9.700833333333334
M008,2026-01-26,Manager,37,0,3,15,17,77,47,1,0,1,8.374444444444444,16.304166666666667,7.929722222222222
M008,2026-01-27,Manager,35,0,3,14,16,77,48,1,0,1,8.370000000000001,17.283055555555556,8.913055555555555
M008,2026-01-28,Manager,27,0,1,13,11,52,36,0,0,1,8.812222222222223,17.59472222222222,8.7825
M008,2026-01-29,Manager,41,0,4,15,20,93,38,2,0,1,8.681388888888888,17.026944444444442,8.345555555555556
M008,2026-01-30,Manager,29,0,5,11,11,48,34,1,0,1,8.607222222222221,16.645833333333332,8.038611111111111
M008,2026-02-02,Manager,33,0,1,17,13,66,54,0,0,1,8.245277777777776,16.853333333333335,8.608055555555556
M008,2026-02-03,Manager,31,0,0,16,13,64,44,2,0,1,8.850555555555555,17.638055555555557,8.7875
M008,2026-02-04,Manager,21,0,2,8,9,33,13,0,0,1,8.384166666666665,17.02638888888889,8.642222222222221
M008,2026-02-05,Manager,36,0,4,14,16,59,50,2,0,1,8.556111111111111,16.2275,7.671388888888889
M008,2026-02-06,Manager,29,0,2,11,14,64,34,2,0,1,8.920277777777777,17.248055555555556,8.327777777777778
M008,2026-02-09,Manager,32,0,4,11,15,68,42,1,0,1,8.691944444444445,18.26861111111111,9.576666666666666
M008,2026-02-10,Manager,41,0,1,18,20,78,50,2,0,1,8.17361111111111,15.547777777777778,7.3741666666666665
M008,2026-02-11,Manager,25,0,3,9,11,55,24,0,0,1,8.521666666666668,16.375833333333333,7.854166666666667
M008,2026-02-12,Manager,33,0,1,18,12,50,56,1,0,1,8.324444444444444,15.711666666666666,7.387222222222222
M008,2026-02-13,Manager,29,0,4,14,9,44,46,1,0,1,8.454444444444444,17.354166666666668,8.899722222222222
M009,2026-01-05,Manager,28,0,5,12,9,46,39,0,0,1,8.308055555555557,16.880277777777778,8.572222222222223
M009,2026-01-06,Manager,34,0,2,12,18,85,37,1,0,1,8.515555555555556,17.347777777777775,8.832222222222223
M009,2026-01-07,Manager,29,0,3,14,10,53,36,2,0,1,7.8175,15.817222222222222,7.999722222222222
M009,2026-01-08,Manager,29,0,3,12,12,57,26,0,0,1,8.702499999999999,16.608055555555556,7.905555555555556
M009,2026-01-09,Manager,28,0,2,11,13,52,41,0,0,1,8.342222222222222,17.52472222222222,9.1825
M009,2026-01-12,Manager,34,0,4,11,17,81,34,0,0,1,8.436666666666667,17.004444444444445,8.567777777777778
M009,2026-01-13,Manager,29,0,5,13,9,37,32,1,0,1,7.750277777777778,16.514166666666668,8.76388888888889
M009,2026-01-14,Manager,29,0,4,14,9,51,43,3,0,1,8.487222222222222,16.955277777777777,8.468055555555555
M009,2026-01-15,Manager,40,0,1,22,15,70,64,1,0,1,8.4725,17.195,8.7225
M009,2026-01-16,Manager,31,0,5,17,7,36,48,4,0,1,8.594444444444445,16.29361111111111,7.699166666666667
M009,2026-01-19,Manager,33,0,4,14,13,68,37,1,0,1,8.493055555555555,17.160833333333333,8.667777777777777
M009,2026-01-20,Manager,24,0,3,10,9,35,31,1,0,1,8.17861111111111,17.27861111111111,9.1
M009,2026-01-21,Manager,22,0,2,9,9,42,29,1,0,1,8.163333333333334,17.172777777777778,9.009444444444444
M009,2026-01-22,Manager,24,0,5,7,10,39,20,0,0,1,8.203333333333333,17.085833333333333,8.8825
M009,2026-01-23,Manager,32,0,1,13,16,71,45,2,0,1,8.607777777777777,17.363611111111112,8.755833333333333
M009,2026-01-26,Manager,22,0,3,6,11,48,19,0,0,1,8.51888888888889,17.05527777777778,8.536388888888888
M009,2026-01-27,Manager,31,0,2,13,14,61,50,1,0,1,8.170833333333333,16.540277777777778,8.369444444444444
M009,2026-01-28,Manager,29,0,2,13,12,54,34,1,0,1,7.803888888888888,16.27861111111111,8.474722222222223
M009,2026-01-29,Manager,32,0,4,17,9,43,57,2,0,1,8.441666666666666,17.35138888888889,8.909722222222221
M009,2026-01-30,Manager,29,0,2,9,16,82,32,0,0,1,8.309444444444445,16.500555555555554,8.19111111111111
M009,2026-02-02,Manager,33,0,3,16,12,60,47,0,0,1,8.936944444444444,17.688055555555557,8.751111111111111
M009,2026-02-03,Manager,36,0,5,18,11,46,48,2,0,1,8.562777777777779,16.511388888888888,7.948611111111111
M009,2026-02-04,Manager,20,0,1,7,10,34,23,1,0,1,8.212222222222222,16.292222222222225,8.08
M009,2026-02-05,Manager,35,0,3,15,15,82,39,0,0,1,8.983888888888888,18.13277777777778,9.148888888888889
M009,2026-02-06,Manager,23,0,5,4,12,43,9,0,0,1,8.857777777777777,17.8475,8.989722222222222
M009,2026-02-09,Manager,28,0,2,8,16,62,23,0,0,1,8.615,17.198888888888888,8.58388888888889
M009,2026-02-10,Manager,29,0,2,14,11,52,36,1,0,1,8.569166666666666,17.878333333333334,9.309166666666666
M009,2026-02-11,Manager,35,0,6,17,10,39,52,2,0,1,7.697222222222223,15.171666666666667,7.474444444444444
M009,2026-02-12,Manager,33,0,2,11,18,94,27,1,0,1,8.448333333333334,17.410277777777775,8.961944444444445
M009,2026-02-13,Manager,27,0,2,7,16,62,22,0,0,1,8.445,17.43305555555556,8.988055555555556
M010,2026-01-05,Manager,30,0,3,13,12,69,41,1,0,1,8.305277777777778,17.939444444444444,9.634166666666667
M010,2026-01-06,Manager,18,0,1,6,9,39,19,0,0,1,8.013055555555555,15.963055555555554,7.95
M010,2026-01-07,Manager,29,0,3,15,9,36,43,2,0,1,8.585,17.305833333333332,8.720833333333333
M010,2026-01-08,Manager,33,0,4,16,11,56,46,3,0,1,7.828611111111111,15.770555555555557,7.941944444444444
M010,2026-01-09,Manager,26,0,5,8,11,44,27,0,0,1,8.814722222222223,16.979166666666664,8.164444444444445
M010,2026-01-12,Manager,39,0,7,20,10,54,63,1,0,1,8.140277777777778,16.811111111111114,8.670833333333333
M010,2026-01-13,Manager,21,0,2,7,10,47,23,1,0,1,8.373611111111112,16.245555555555555,7.871944444444445
M010,2026-01-14,Manager,22,0,2,8,10,48,20,1,0,1,8.281666666666668,16.60527777777778,8.323611111111111
M010,2026-01-15,Manager,36,0,1,19,14,69,59,3,0,1,8.061111111111112,17.141666666666666,9.080555555555556
M010,2026-01-16,Manager,32,0,5,10,15,74,40,0,0,1,9.135277777777777,17.738611111111112,8.603333333333333
M010,2026-01-19,Manager,33,0,7,15,9,35,37,1,0,1,8.381111111111112,16.411666666666665,8.030555555555555
M010,2026-01-20,Manager,25,0,3,5,15,63,13,1,0,1,8.279166666666667,16.241111111111113,7.961944444444445
M010,2026-01-21,Manager,31,0,2,15,12,34,45,0,0,1,9.035833333333333,18.2675,9.231666666666667
M010,2026-01-22,Manager,20,0,1,8,9,39,22,2,0,1,9.039444444444444,17.828888888888887,8.789444444444445
M010,2026-01-23,Manager,28,0,3,11,12,56,38,1,0,1,8.168055555555554,16.784166666666668,8.616111111111111
M010,2026-01-26,Manager,35,0,3,17,13,70,41,1,0,1,8.190833333333334,16.276944444444442,8.08611111111111
M010,2026-01-27,Manager,24,0,1,9,12,46,24,2,0,1,8.065555555555557,16.050555555555555,7.985
M010,2026-01-28,Manager,31,0,2,11,16,58,27,1,0,1,9.038055555555555,17.45,8.411944444444444
M010,2026-01-29,Manager,23,0,3,7,11,48,17,0,0,1,7.967222222222222,16.243333333333336,8.276111111111112
M010,2026-01-30,Manager,24,0,2,10,10,54,27,1,0,1,8.244166666666667,15.970833333333333,7.726666666666667
M010,2026-02-02,Manager,34,0,4,15,13,56,49,1,0,1,8.447777777777778,17.2075,8.759722222222223
M010,2026-02-03,Manager,27,0,5,11,9,40,32,1,0,1,8.53138888888889,17.075555555555557,8.544166666666667
M010,2026-02-04,Manager,33,0,4,15,12,59,51,2,0,1,8.650277777777777,17.996111111111112,9.345833333333333
M010,2026-02-05,Manager,35,0,6,10,17,70,28,1,0,1,8.299166666666666,17.24388888888889,8.944722222222222
M010,2026-02-06,Manager,33,0,1,13,17,74,40,1,0,1,7.834444444444444,16.5275,8.693055555555556
M010,2026-02-09,Manager,37,0,6,13,16,74,45,1,0,1,8.502777777777778,17.45722222222222,8.954444444444444
M010,2026-02-10,Manager,36,0,3,16,15,58,53,3,0,1,8.377500000000001,17.448055555555555,9.070555555555556
M010,2026-02-11,Manager,19,0,0,4,13,71,11,0,0,1,8.340555555555556,17.653055555555554,9.3125
M010,2026-02-12,Manager,34,0,4,14,14,69,44,3,0,1,8.179166666666665,16.711111111111112,8.531944444444445
M010,2026-02-13,Manager,33,0,3,14,14,66,47,3,0,1,8.742222222222221,16.92666666666667,8.184444444444445
T001,2026-01-05,Teller,47,0,22,21,2,4,45,0,0,1,8.489999999999998,16.7525,8.2625
T001,2026-01-06,Teller,43,0,18,19,4,7,36,0,0,1,8.934166666666666,16.6075,7.673333333333333
T001,2026-01-07,Teller,49,0,24,20,3,7,34,0,0,1,8.651111111111112,16.649444444444445,7.998333333333333
T001,2026-01-08,Teller,44,0,19,17,6,15,37,0,0,1,8.793888888888889,16.8975,8.10361111111111
T001,2026-01-09,Teller,47,0,23,19,3,5,38,0,0,1,8.396666666666667,15.588055555555556,7.191388888888889
T001,2026-01-12,Teller,45,0,20,17,6,12,34,0,0,1,8.70722222222222,16.434444444444445,7.727222222222222
T001,2026-01-13,Teller,52,0,25,21,4,10,42,0,0,1,8.686666666666667,16.81388888888889,8.127222222222223
T001,2026-01-14,Teller,42,0,17,21,2,3,41,1,0,1,8.64111111111111,16.473333333333333,7.832222222222223
T001,2026-01-15,Teller,37,0,20,13,2,2,27,0,0,1,8.736944444444443,16.709166666666665,7.972222222222222
T001,2026-01-16,Teller,47,0,19,22,4,9,46,0,0,1,8.753333333333334,16.871111111111112,8.117777777777778
T001,2026-01-19,Teller,55,0,24,23,6,9,43,0,0,1,8.7825,16.43166666666667,7.649166666666667
T001,2026-01-20,Teller,54,0,23,27,2,5,53,2,0,1,8.810833333333335,16.75777777777778,7.946944444444444
T001,2026-01-21,Teller,42,0,18,18,4,9,38,0,0,1,8.855,16.819166666666668,7.964166666666666
T001,2026-01-22,Teller,43,0,18,15,8,13,30,0,0,1,8.2175,16.30777777777778,8.090277777777779
T001,2026-01-23,Teller,43,0,22,17,2,4,38,0,0,1,8.70861111111111,16.095555555555553,7.3869444444444445
T001,2026-01-26,Teller,44,0,16,21,5,11,46,0,0,1,8.709166666666667,17.442777777777778,8.733611111111111
T001,2026-01-27,Teller,37,0,17,15,3,7,25,0,0,1,8.757222222222222,17.11722222222222,8.36
T001,2026-01-28,Teller,36,0,17,15,2,6,29,0,0,1,8.846944444444444,16.231111111111108,7.384166666666666
T001,2026-01-29,Teller,45,0,24,13,6,15,25,0,0,1,8.696388888888889,16.191666666666666,7.495277777777778
T001,2026-01-30,Teller,32,0,11,17,2,5,29,0,0,1,8.942222222222222,17.369722222222222,8.4275
T001,2026-02-02,Teller,36,0,15,16,3,3,35,0,0,1,8.863055555555555,16.705555555555556,7.8425
T001,2026-02-03,Teller,34,0,11,17,4,11,35,0,0,1,8.804166666666667,17.355555555555558,8.551388888888889
T001,2026-02-04,Teller,45,0,16,24,3,7,51,0,0,1,8.895555555555555,16.723055555555554,7.8275
T001,2026-02-05,Teller,41,0,19,16,4,7,31,0,0,1,8.619444444444445,16.289166666666667,7.669722222222222
T001,2026-02-06,Teller,42,1,19,18,2,5,34,1,0,1,8.354444444444445,16.09361111111111,7.739166666666667
T001,2026-02-09,Teller,62,0,34,20,6,10,39,0,0,1,8.95861111111111,17.325833333333332,8.367222222222223
T001,2026-02-10,Teller,34,0,17,14,1,1,30,0,0,1,8.435,15.975277777777778,7.540277777777778
T001,2026-02-11,Teller,42,0,23,12,5,9,27,0,0,1,9.036944444444444,17.226666666666667,8.189722222222223
T001,2026-02-12,Teller,41,0,20,17,2,3,32,0,0,1,8.651666666666667,16.001944444444444,7.3502777777777775
T001,2026-02-13,Teller,47,0,18,20,7,19,45,0,0,1,8.534444444444444,16.834444444444443,8.3
T002,2026-01-05,Teller,51,0,20,24,5,7,49,0,0,1,8.968333333333334,16.62472222222222,7.6563888888888885
T002,2026-01-06,Teller,47,0,18,23,4,6,40,0,0,1,9.23611111111111,17.7875,8.551388888888889
T002,2026-01-07,Teller,47,0,17,23,5,12,48,1,0,1,8.23861111111111,15.809722222222224,7.571111111111111
T002,2026-01-08,Teller,45,0,20,18,5,8,27,0,0,1,8.853055555555555,16.598888888888887,7.745833333333334
T002,2026-01-09,Teller,34,0,16,16,0,0,34,0,0,1,8.813611111111111,16.60638888888889,7.792777777777777
T002,2026-01-12,Teller,45,0,22,17,4,8,32,0,0,1,8.639444444444443,16.6925,8.053055555555556
T002,2026-01-13,Teller,40,0,22,13,3,6,29,0,0,1,8.488055555555555,16.6925,8.204444444444444
T002,2026-01-14,Teller,36,0,16,16,2,5,31,0,0,1,8.674166666666666,17.0575,8.383333333333333
T002,2026-01-15,Teller,40,0,17,19,2,5,40,0,0,1,8.891944444444444,16.631944444444446,7.74
T002,2026-01-16,Teller,37,0,14,16,5,8,35,0,0,1,8.68388888888889,17.151666666666664,8.467777777777778
T002,2026-01-19,Teller,48,0,21,19,6,13,33,1,0,1,8.82,16.83611111111111,8.016111111111112
T002,2026-01-20,Teller,43,0,10,25,6,12,51,0,0,1,8.989444444444443,17.420833333333334,8.43138888888889
T002,2026-01-21,Teller,45,0,14,24,5,11,55,0,0,1,8.971944444444444,17.248611111111114,8.276666666666667
T002,2026-01-22,Teller,46,0,19,21,4,10,43,0,0,1,8.443888888888889,16.28222222222222,7.838333333333333
T002,2026-01-23,Teller,51,0,22,20,7,14,48,0,0,1,8.558333333333334,16.680555555555557,8.122222222222222
T002,2026-01-26,Teller,46,0,16,23,5,9,50,0,0,1,8.730277777777777,16.954444444444444,8.224166666666667
T002,2026-01-27,Teller,33,0,14,15,2,5,29,0,0,1,9.030277777777778,17.001944444444444,7.971666666666667
T002,2026-01-28,Teller,44,0,14,23,5,14,45,0,0,1,8.533055555555556,16.965833333333332,8.432777777777778
T002,2026-01-29,Teller,44,0,15,24,3,7,51,0,0,1,8.6775,16.069166666666668,7.391666666666667
T002,2026-01-30,Teller,46,0,21,15,8,17,29,1,0,1,9.247499999999999,17.099722222222223,7.852222222222222
T002,2026-02-02,Teller,48,0,20,24,2,5,56,0,0,1,8.855277777777777,16.733333333333334,7.878055555555555
T002,2026-02-03,Teller,45,0,17,24,2,5,43,1,0,1,8.739999999999998,16.801111111111112,8.061111111111112
T002,2026-02-04,Teller,47,0,23,15,7,11,28,0,0,1,8.993055555555555,16.875,7.881944444444445
T002,2026-02-05,Teller,47,0,16,27,2,4,52,1,0,1,8.645,16.318055555555556,7.673055555555556
T002,2026-02-06,Teller,48,0,23,20,3,5,38,0,0,1,9.093055555555557,17.185277777777777,8.092222222222222
T002,2026-02-09,Teller,43,0,17,20,4,6,42,1,0,1,8.966944444444444,16.411666666666665,7.4447222222222225
T002,2026-02-10,Teller,55,0,21,29,3,8,62,0,0,1,9.255555555555556,16.970555555555553,7.715
T002,2026-02-11,Teller,53,0,24,25,2,5,49,0,0,1,8.79,16.720277777777778,7.9302777777777775
T002,2026-02-12,Teller,40,0,17,16,5,13,37,0,0,1,8.877222222222223,17.346666666666664,8.469444444444445
T002,2026-02-13,Teller,45,0,23,18,2,2,32,0,0,1,8.848333333333334,16.3475,7.4991666666666665
T003,2026-01-05,Teller,34,0,17,14,1,2,25,1,0,1,8.374722222222223,16.116944444444446,7.742222222222222
T003,2026-01-06,Teller,48,0,22,19,5,11,35,0,0,1,8.835277777777778,16.70138888888889,7.8661111111111115
T003,2026-01-07,Teller,46,0,18,22,4,7,38,1,0,1,8.862777777777778,16.76,7.897222222222222
T003,2026-01-08,Teller,44,0,17,23,2,3,46,0,0,1,8.322777777777777,16.27138888888889,7.948611111111111
T003,2026-01-09,Teller,42,0,18,19,3,6,40,0,0,1,9.249444444444444,17.6,8.350555555555555
T003,2026-01-12,Teller,45,0,22,18,3,5,28,1,0,1,8.342222222222222,16.835833333333333,8.493611111111111
T003,2026-01-13,Teller,42,0,15,21,4,7,37,0,0,1,9.1425,16.891388888888887,7.748888888888889
T003,2026-01-14,Teller,47,0,17,25,3,6,46,2,0,1,8.747222222222222,17.4175,8.670277777777779
T003,2026-01-15,Teller,53,0,26,22,3,4,39,1,0,1,9.112222222222222,18.092222222222222,8.98
T003,2026-01-16,Teller,48,0,14,26,6,13,49,0,0,1,8.770277777777778,16.75888888888889,7.988611111111111
T003,2026-01-19,Teller,56,0,31,16,7,14,29,1,0,1,8.318055555555555,16.639444444444443,8.321388888888889
T003,2026-01-20,Teller,42,0,15,20,5,10,39,0,0,1,9.095555555555556,17.059444444444445,7.963888888888889
T003,2026-01-21,Teller,37,0,15,15,5,10,27,0,0,1,8.953055555555554,16.99361111111111,8.040555555555555
T003,2026-01-22,Teller,41,0,18,17,4,11,40,0,0,1,8.649722222222222,16.511944444444445,7.862222222222222
T003,2026-01-23,Teller,52,0,20,26,4,6,48,0,0,1,8.417499999999999,16.616944444444446,8.199444444444444
T003,2026-01-26,Teller,49,0,22,21,4,7,47,0,0,1,8.73361111111111,16.935277777777777,8.201666666666666
T003,2026-01-27,Teller,50,0,19,17,12,25,30,2,0,1,9.079722222222221,17.56527777777778,8.485555555555555
T003,2026-01-28,Teller,41,0,16,17,6,11,34,0,0,1,9.087777777777779,17.593333333333334,8.505555555555556
T003,2026-01-29,Teller,36,0,15,16,3,5,31,0,0,1,8.090277777777779,16.222499999999997,8.132222222222222
T003,2026-01-30,Teller,51,0,24,20,5,9,39,0,0,1,8.813333333333334,16.294722222222223,7.481388888888889
T003,2026-02-02,Teller,38,0,15,18,3,6,35,0,0,1,8.608888888888888,16.292222222222225,7.683333333333334
T003,2026-02-03,Teller,44,0,18,17,7,15,33,0,0,1,8.648055555555555,17.058055555555555,8.41
T003,2026-02-04,Teller,41,0,18,18,3,4,39,0,0,1,8.403611111111111,15.919722222222221,7.516111111111111
T003,2026-02-05,Teller,41,0,14,19,6,13,34,0,0,1,8.940833333333334,17.111944444444447,8.171111111111111
T003,2026-02-06,Teller,38,0,13,18,5,7,40,1,0,1,8.908333333333333,17.391111111111112,8.482777777777779
T003,2026-02-09,Teller,41,0,19,15,5,11,27,0,0,1,9.024166666666668,17.146666666666665,8.1225
T003,2026-02-10,Teller,46,0,15,24,5,10,40,0,0,1,8.455277777777777,16.105555555555558,7.650277777777778
T003,2026-02-11,Teller,34,0,17,14,1,3,26,1,0,1,8.98611111111111,16.425,7.438888888888889
T003,2026-02-12,Teller,51,0,22,26,1,3,47,0,0,1,8.705277777777777,17.06361111111111,8.358333333333333
T003,2026-02-13,Teller,46,0,23,15,6,12,33,0,0,1,8.775,16.573333333333334,7.798333333333333
T004,2026-01-05,Teller,44,0,17,21,4,8,44,0,0,1,9.1,17.16333333333333,8.063333333333333
T004,2026-01-06,Teller,53,0,26,24,1,2,43,0,0,1,8.584166666666667,16.695833333333333,8.111666666666666
T004,2026-01-07,Teller,42,0,20,18,2,4,35,0,0,1,8.950555555555555,17.403888888888886,8.453333333333333
T004,2026-01-08,Teller,43,0,19,17,5,14,35,0,0,1,9.153333333333334,17.522222222222222,8.36888888888889
T004,2026-01-09,Teller,39,0,12,18,7,11,41,0,0,1,8.881111111111112,16.628055555555555,7.746944444444445
T004,2026-01-12,Teller,51,0,32,13,4,7,25,0,0,1,8.531666666666668,16.069444444444443,7.5377777777777775
T004,2026-01-13,Teller,45,0,15,23,5,10,53,0,0,1,8.584722222222222,16.886944444444445,8.302222222222222
T004,2026-01-14,Teller,42,0,21,17,2,4,32,0,0,1,8.606944444444444,16.829444444444444,8.2225
T004,2026-01-15,Teller,37,0,13,19,3,7,32,1,0,1,8.298055555555555,16.218055555555555,7.92
T004,2026-01-16,Teller,39,0,20,16,1,2,38,0,0,1,8.510277777777778,16.639722222222222,8.129444444444445
T004,2026-01-19,Teller,44,0,17,22,3,6,48,1,0,1,8.980555555555556,16.291944444444447,7.311388888888889
T004,2026-01-20,Teller,42,0,19,18,3,6,39,0,0,1,8.613055555555555,16.708055555555553,8.095
T004,2026-01-21,Teller,40,0,19,15,4,6,26,0,0,1,9.184166666666666,17.891944444444444,8.707777777777778
T004,2026-01-22,Teller,48,0,18,25,3,7,53,1,0,1,8.69111111111111,16.603055555555557,7.911944444444444
T004,2026-01-23,Teller,44,0,20,19,3,6,35,0,0,1,9.010555555555555,17.289166666666667,8.278611111111111
T004,2026-01-26,Teller,35,0,17,13,3,5,26,0,0,1,9.013055555555555,16.369722222222222,7.3566666666666665
T004,2026-01-27,Teller,58,0,22,29,5,10,60,0,0,1,8.85388888888889,16.50027777777778,7.646388888888889
T004,2026-01-28,Teller,45,0,18,19,6,9,47,0,0,1,8.406944444444445,16.642222222222223,8.235277777777778
T004,2026-01-29,Teller,39,0,18,16,3,5,35,0,0,1,8.628055555555555,17.247777777777777,8.619722222222222
T004,2026-01-30,Teller,52,0,26,19,5,10,39,0,0,1,9.011111111111111,17.011388888888888,8.000277777777777
T004,2026-02-02,Teller,54,0,23,26,3,5,50,0,0,1,8.527222222222223,16.471666666666664,7.944444444444445
T004,2026-02-03,Teller,43,0,20,13,8,19,23,0,0,1,8.9575,17.446666666666665,8.489166666666666
T004,2026-02-04,Teller,38,0,12,16,8,18,28,0,0,1,8.693611111111112,16.629722222222224,7.936111111111111
T004,2026-02-05,Teller,41,0,15,19,5,12,42,0,0,1,9.014722222222222,16.71722222222222,7.7025
T004,2026-02-06,Teller,52,0,22,28,0,0,60,0,0,1,8.528055555555556,16.865833333333335,8.337777777777777
T004,2026-02-09,Teller,45,0,17,22,4,8,46,0,0,1,8.439444444444444,16.3975,7.958055555555555
T004,2026-02-10,Teller,47,0,22,22,1,3,43,1,0,1,8.658055555555556,16.603055555555557,7.945
T004,2026-02-11,Teller,43,0,17,21,3,6,43,0,0,1,8.40611111111111,16.428055555555556,8.021944444444445
T004,2026-02-12,Teller,39,0,22,12,3,4,27,0,0,1,9.049444444444445,16.976388888888888,7.926944444444445
T004,2026-02-13,Teller,38,0,12,21,3,5,44,0,0,1,8.999722222222221,16.311944444444446,7.312222222222222
T005,2026-01-05,Teller,40,0,21,13,4,7,26,0,0,1,8.844444444444445,16.830833333333334,7.9863888888888885
T005,2026-01-06,Teller,50,0,23,21,4,8,47,0,0,1,8.909722222222223,16.301944444444445,7.392222222222222
T005,2026-01-07,Teller,42,0,17,17,6,11,43,0,0,1,8.609166666666667,16.709444444444443,8.100277777777778
T005,2026-01-08,Teller,44,0,21,19,2,4,38,0,0,1,8.76361111111111,17.209722222222222,8.446111111111112
T005,2026-01-09,Teller,57,0,27,24,4,7,48,0,0,1,8.968333333333334,17.50777777777778,8.539444444444445
T005,2026-01-12,Teller,44,0,19,18,5,7,31,0,0,1,8.959166666666667,16.6325,7.673333333333333
T005,2026-01-13,Teller,37,0,17,13,5,10,30,0,0,1,8.34888888888889,16.422222222222224,8.073333333333334
T005,2026-01-14,Teller,41,0,19,18,2,4,39,1,0,1,8.751944444444444,16.834444444444443,8.0825
T005,2026-01-15,Teller,42,0,23,12,5,10,25,0,0,1,8.837222222222223,17.497777777777777,8.660555555555556
T005,2026-01-16,Teller,41,0,17,21,1,1,39,0,0,1,8.401111111111112,16.679722222222225,8.278611111111111
T005,2026-01-19,Teller,48,0,19,24,3,5,48,0,0,1,8.580277777777777,16.665,8.084722222222222
T005,2026-01-20,Teller,50,0,21,24,3,4,45,0,0,1,8.743888888888888,15.71361111111111,6.969722222222222
T005,2026-01-21,Teller,45,0,14,24,5,11,50,1,0,1,8.465,16.36388888888889,7.898888888888889
T005,2026-01-22,Teller,44,0,18,19,5,10,38,0,0,1,8.668055555555554,16.342222222222222,7.674166666666666
T005,2026-01-23,Teller,43,0,18,19,4,6,35,0,0,1,9.008333333333333,17.05138888888889,8.043055555555556
T005,2026-01-26,Teller,41,0,14,17,8,16,27,0,0,1,7.995277777777778,16.401944444444442,8.406666666666666
T005,2026-01-27,Teller,43,0,18,18,5,10,35,0,0,1,8.913333333333334,17.240555555555556,8.327222222222222
T005,2026-01-28,Teller,29,0,8,17,2,3,31,0,0,1,8.674722222222222,16.955,8.280277777777778
T005,2026-01-29,Teller,37,0,14,16,5,9,34,0,0,1,9.042777777777777,17.039444444444445,7.996666666666667
T005,2026-01-30,Teller,60,0,22,27,9,16,43,1,0,1,9.043611111111112,16.9425,7.898888888888889
T005,2026-02-02,Teller,41,0,14,21,4,8,43,0,0,1,8.84388888888889,16.825833333333332,7.981944444444444
T005,2026-02-03,Teller,46,0,21,20,3,7,40,0,0,1,8.790833333333333,16.7425,7.951666666666667
T005,2026-02-04,Teller,52,0,21,21,8,18,42,1,0,1,9.165833333333333,16.898888888888887,7.733055555555556
T005,2026-02-05,Teller,37,0,16,16,3,4,33,0,0,1,8.571388888888889,16.677222222222223,8.105833333333333
T005,2026-02-06,Teller,47,0,27,14,4,5,29,0,0,1,8.500833333333333,15.920277777777777,7.419444444444444
T005,2026-02-09,Teller,46,0,21,19,4,12,39,0,0,1,8.9075,17.403333333333332,8.495833333333334
T005,2026-02-10,Teller,43,0,16,20,5,11,47,1,0,1,8.849444444444446,16.16583333333333,7.316388888888889
T005,2026-02-11,Teller,47,0,24,15,6,9,33,0,0,1,8.60388888888889,16.72611111111111,8.122222222222222
T005,2026-02-12,Teller,51,0,20,20,9,19,44,0,0,1,8.665833333333333,17.096666666666664,8.430833333333334
T005,2026-02-13,Teller,36,0,14,16,4,7,39,0,0,1,8.551111111111112,17.161388888888887,8.610277777777778
T006,2026-01-05,Teller,51,0,27,20,2,5,46,1,0,1,8.939722222222223,17.702777777777776,8.763055555555555
T006,2026-01-06,Teller,40,0,15,20,3,6,41,1,0,1,8.811388888888889,16.244722222222222,7.433333333333334
T006,2026-01-07,Teller,46,0,21,20,3,6,39,0,0,1,8.799444444444445,17.576944444444443,8.7775
T006,2026-01-08,Teller,48,0,30,14,2,4,30,0,0,1,8.545833333333333,16.485,7.939166666666667
T006,2026-01-09,Teller,38,0,12,21,3,5,45,0,0,1,9.199166666666667,17.392222222222223,8.193055555555556
T006,2026-01-12,Teller,52,0,21,26,3,9,53,0,0,1,8.71361111111111,17.58138888888889,8.867777777777778
T006,2026-01-13,Teller,48,0,22,23,1,1,53,1,0,1,8.48,16.05611111111111,7.5761111111111115
T006,2026-01-14,Teller,44,0,14,27,1,1,50,0,0,1,8.731666666666667,16.4325,7.700833333333334
T006,2026-01-15,Teller,50,0,19,25,4,8,49,1,0,1,8.813611111111111,16.661666666666665,7.848055555555556
T006,2026-01-16,Teller,53,0,29,15,7,15,26,0,0,1,8.645,16.234722222222224,7.589722222222222
T006,2026-01-19,Teller,44,0,16,22,4,7,49,0,0,1,8.631944444444445,17.191666666666666,8.559722222222222
T006,2026-01-20,Teller,39,0,13,21,3,7,45,0,0,1,8.34,15.910277777777779,7.570277777777778
T006,2026-01-21,Teller,45,0,17,20,6,13,46,0,0,1,8.531111111111112,16.15694444444444,7.6258333333333335
T006,2026-01-22,Teller,41,0,18,16,5,9,32,0,0,1,8.90388888888889,17.478055555555553,8.574166666666667
T006,2026-01-23,Teller,42,0,18,18,4,7,40,2,0,1,8.956388888888888,16.726666666666667,7.770277777777777
T006,2026-01-26,Teller,50,0,25,17,6,9,42,0,0,1,9.199444444444445,17.95777777777778,8.758333333333333
T006,2026-01-27,Teller,43,0,22,15,4,8,33,0,0,1,8.74861111111111,15.880555555555556,7.131944444444445
T006,2026-01-28,Teller,57,0,24,24,7,12,46,0,0,1,8.680277777777777,16.686944444444446,8.006666666666666
T006,2026-01-29,Teller,37,0,16,17,2,4,31,0,0,1,8.390833333333333,16.841944444444444,8.45111111111111
T006,2026-01-30,Teller,51,0,22,21,6,11,43,0,0,1,8.801944444444445,16.933611111111112,8.131666666666666
T006,2026-02-02,Teller,41,0,21,14,4,11,28,0,0,1,8.460277777777778,16.365555555555556,7.905277777777778
T006,2026-02-03,Teller,58,0,25,24,7,17,46,0,0,1,8.731666666666667,16.875833333333333,8.144166666666667
T006,2026-02-04,Teller,39,0,18,15,4,6,29,0,0,1,8.777222222222223,17.78638888888889,9.009166666666667
T006,2026-02-05,Teller,36,0,10,18,6,7,44,0,0,1,8.616111111111111,16.541666666666668,7.9255555555555555
T006,2026-02-06,Teller,43,0,19,18,4,6,34,0,0,1,8.415833333333333,16.93638888888889,8.520555555555555
T006,2026-02-09,Teller,48,0,18,21,7,15,44,0,0,1,8.935,16.62666666666667,7.691666666666666
T006,2026-02-10,Teller,47,0,17,21,7,9,45,0,0,1,8.704444444444444,16.978055555555553,8.27361111111111
T006,2026-02-11,Teller,49,0,23,21,3,5,38,0,0,1,9.231666666666667,17.726388888888888,8.494722222222222
T006,2026-02-12,Teller,40,0,14,19,5,6,37,0,0,1,8.811666666666667,16.75722222222222,7.945555555555556
T006,2026-02-13,Teller,58,0,23,24,9,23,46,0,0,1,8.836388888888889,16.822222222222223,7.985833333333333
T007,2026-01-05,Teller,43,0,22,17,2,4,32,0,0,1,8.922777777777776,17.06416666666667,8.141388888888889
T007,2026-01-06,Teller,46,0,18,18,8,15,38,1,0,1,8.455,16.502777777777776,8.047777777777778
T007,2026-01-07,Teller,48,0,24,15,7,16,28,0,0,1,8.69111111111111,16.515,7.823888888888889
T007,2026-01-08,Teller,36,0,12,17,5,10,34,0,0,1,8.723055555555556,16.227777777777778,7.504722222222222
T007,2026-01-09,Teller,51,0,21,23,5,11,48,0,0,1,8.572222222222223,16.72472222222222,8.1525
T007,2026-01-12,Teller,52,0,22,26,2,4,50,0,0,1,8.95,17.133888888888887,8.18388888888889
T007,2026-01-13,Teller,40,0,18,17,3,8,34,0,0,1,8.520555555555557,16.648888888888887,8.128333333333334
T007,2026-01-14,Teller,41,0,19,16,4,9,34,0,0,1,8.713888888888889,17.311944444444446,8.598055555555556
T007,2026-01-15,Teller,39,0,10,24,3,9,40,0,0,1,8.958055555555555,17.608333333333334,8.650277777777777
T007,2026-01-16,Teller,48,0,20,20,6,14,39,0,0,1,8.93,16.659166666666664,7.729166666666667
T007,2026-01-19,Teller,50,0,22,20,6,9,39,0,0,1,8.813055555555556,16.775277777777777,7.9622222222222225
T007,2026-01-20,Teller,45,0,20,20,3,5,44,0,0,1,8.688333333333334,16.87666666666667,8.188333333333333
T007,2026-01-21,Teller,41,0,25,11,3,7,23,0,0,1,8.737222222222222,16.919722222222223,8.1825
T007,2026-01-22,Teller,40,0,16,19,3,8,38,1,0,1,8.884166666666665,16.498055555555556,7.613888888888889
T007,2026-01-23,Teller,52,0,24,19,7,18,40,1,0,1,8.806666666666667,16.553611111111113,7.746944444444445
T007,2026-01-26,Teller,33,0,13,15,3,8,29,1,0,1,8.415555555555557,16.216944444444444,7.801388888888889
T007,2026-01-27,Teller,40,1,20,14,3,6,31,1,0,1,9.061666666666667,17.51,8.448333333333334
T007,2026-01-28,Teller,52,0,20,24,6,9,49,0,0,1,8.3475,16.633333333333333,8.285833333333333
T007,2026-01-29,Teller,49,0,16,24,7,16,47,0,0,1,9.045277777777777,16.88611111111111,7.840833333333333
T007,2026-01-30,Teller,52,0,17,27,6,12,52,0,0,1,8.057500000000001,15.757777777777777,7.700277777777778
T007,2026-02-02,Teller,49,0,20,18,9,15,38,0,0,1,8.824444444444444,17.051666666666666,8.227222222222222
T007,2026-02-03,Teller,59,0,23,25,9,20,55,0,0,1,8.209999999999999,15.783888888888889,7.573888888888889
T007,2026-02-04,Teller,37,0,15,18,2,4,39,0,0,1,8.677222222222222,16.754722222222224,8.0775
T007,2026-02-05,Teller,45,0,19,21,3,5,46,1,0,1,8.656666666666666,16.199166666666667,7.5425
T007,2026-02-06,Teller,44,0,17,20,5,9,41,1,0,1,8.924444444444443,17.15611111111111,8.231666666666667
T007,2026-02-09,Teller,40,0,14,20,4,7,43,0,0,1,8.896388888888888,16.966666666666665,8.070277777777777
T007,2026-02-10,Teller,48,0,25,17,4,8,35,0,0,1,8.721944444444444,16.91888888888889,8.196944444444444
T007,2026-02-11,Teller,50,0,22,21,5,10,42,0,0,1,8.89472222222222,17.179444444444446,8.284722222222221
T007,2026-02-12,Teller,49,0,24,15,8,15,34,0,0,1,8.542222222222222,16.783611111111114,8.241388888888888
T007,2026-02-13,Teller,44,0,19,18,5,8,34,0,0,1,8.413055555555555,16.36138888888889,7.948333333333333
T008,2026-01-05,Teller,43,0,18,17,6,9,37,0,0,1,8.795,16.9225,8.1275
T008,2026-01-06,Teller,51,0,23,20,6,11,39,1,0,1,8.638333333333334,16.66888888888889,8.030555555555555
T008,2026-01-07,Teller,44,0,20,20,2,6,46,0,0,1,8.785,15.940833333333334,7.155833333333334
T008,2026-01-08,Teller,46,0,19,19,6,11,32,0,0,1,8.645,16.678611111111113,8.033611111111112
T008,2026-01-09,Teller,52,0,18,27,5,12,49,0,0,1,8.491944444444444,16.230277777777776,7.738333333333333
T008,2026-01-12,Teller,43,0,23,15,3,5,28,0,0,1,9.301388888888889,17.72833333333333,8.426944444444445
T008,2026-01-13,Teller,46,0,21,18,5,8,42,0,0,1,8.694722222222222,16.560555555555556,7.865833333333334
T008,2026-01-14,Teller,41,0,17,19,3,7,39,0,0,1,8.705555555555556,16.189166666666665,7.483611111111111
T008,2026-01-15,Teller,50,0,25,19,4,7,36,0,0,1,8.87861111111111,16.79138888888889,7.9127777777777775
T008,2026-01-16,Teller,45,0,19,16,8,19,31,1,0,1,8.862499999999999,16.8325,7.97
T008,2026-01-19,Teller,47,0,23,18,4,11,36,0,0,1,8.397777777777778,16.671666666666667,8.273888888888889
T008,2026-01-20,Teller,50,0,17,29,2,4,48,0,0,1,8.540555555555555,16.548055555555557,8.0075
T008,2026-01-21,Teller,62,0,30,22,8,13,40,0,0,1,8.688055555555556,17.072222222222223,8.384166666666667
T008,2026-01-22,Teller,53,0,21,27,3,4,48,0,0,1,8.922222222222222,16.621111111111112,7.698888888888889
T008,2026-01-23,Teller,47,0,25,16,4,12,31,0,0,1,9.010555555555555,16.85527777777778,7.844722222222222
T008,2026-01-26,Teller,39,0,23,14,0,0,27,0,0,1,8.737499999999999,16.483611111111113,7.746111111111111
T008,2026-01-27,Teller,56,0,31,18,5,12,38,0,0,1,8.367222222222223,16.358055555555556,7.990833333333334
T008,2026-01-28,Teller,42,0,18,19,3,6,32,1,0,1,8.905000000000001,17.30666666666667,8.401666666666667
T008,2026-01-29,Teller,52,0,20,22,8,16,44,1,0,1,8.535555555555556,16.69611111111111,8.160555555555556
T008,2026-01-30,Teller,55,0,23,23,7,12,45,0,0,1,8.850555555555555,17.601111111111113,8.750555555555556
T008,2026-02-02,Teller,52,0,21,27,2,4,58,0,0,1,8.430277777777777,16.838055555555556,8.407777777777778
T008,2026-02-03,Teller,38,0,13,17,6,13,38,0,0,1,8.6425,16.780277777777776,8.137777777777778
T008,2026-02-04,Teller,47,0,24,19,2,4,32,1,0,1,8.879722222222222,16.974166666666665,8.094444444444445
T008,2026-02-05,Teller,51,0,23,21,5,11,43,0,0,1,8.52888888888889,16.369444444444444,7.8405555555555555
T008,2026-02-06,Teller,41,0,17,18,4,8,32,1,0,1,8.95861111111111,16.954166666666666,7.995555555555556
T008,2026-02-09,Teller,44,0,16,23,3,3,47,0,0,1,9.375277777777779,17.502222222222223,8.126944444444444
T008,2026-02-10,Teller,45,0,20,20,3,7,38,2,0,1,8.54138888888889,16.325555555555557,7.784166666666667
T008,2026-02-11,Teller,53,0,26,19,6,17,38,1,0,1,9.1525,17.118055555555557,7.9655555555555555
T008,2026-02-12,Teller,48,0,16,25,5,6,43,0,0,1,8.646666666666667,16.80666666666667,8.16
T008,2026-02-13,Teller,35,0,14,12,7,12,23,0,0,1,8.846666666666668,16.752777777777776,7.9061111111111115
T009,2026-01-05,Teller,48,0,24,19,3,5,39,0,0,1,9.008611111111112,17.783333333333335,8.774722222222222
T009,2026-01-06,Teller,40,0,12,22,4,8,46,0,0,1,8.846666666666668,17.295833333333334,8.449166666666667
T009,2026-01-07,Teller,47,0,13,26,6,11,52,0,0,1,9.009444444444444,16.91638888888889,7.906944444444444
T009,2026-01-08,Teller,38,0,18,14,4,7,25,0,0,1,8.623888888888889,17.21861111111111,8.594722222222222
T009,2026-01-09,Teller,41,0,16,17,6,8,35,0,0,1,8.835555555555556,16.511666666666667,7.676111111111111
T009,2026-01-12,Teller,48,0,25,18,3,5,41,0,0,1,8.759166666666667,16.792222222222225,8.033055555555556
T009,2026-01-13,Teller,34,0,11,17,4,5,37,0,0,1,8.41861111111111,16.37666666666667,7.958055555555555
T009,2026-01-14,Teller,55,0,25,24,4,9,52,0,0,1,8.611666666666666,16.355,7.743333333333333
T009,2026-01-15,Teller,47,0,12,28,5,10,57,0,0,1,8.801388888888889,17.767777777777777,8.966388888888888
T009,2026-01-16,Teller,47,0,20,22,3,8,46,0,0,1,8.843055555555557,16.82638888888889,7.983333333333333
T009,2026-01-19,Teller,50,0,24,19,5,11,41,0,0,1,8.73611111111111,16.584444444444443,7.848333333333334
T009,2026-01-20,Teller,62,0,29,26,5,10,46,0,0,1,8.88861111111111,16.69611111111111,7.8075
T009,2026-01-21,Teller,39,0,16,19,2,5,40,0,0,1,8.473333333333333,16.57,8.096666666666666
T009,2026-01-22,Teller,47,0,24,13,8,12,28,0,0,1,8.769444444444446,16.293333333333337,7.523888888888889
T009,2026-01-23,Teller,42,0,18,18,4,9,37,0,0,1,8.895,16.489722222222223,7.594722222222222
T009,2026-01-26,Teller,35,0,10,19,4,7,36,0,0,1,8.690555555555555,16.97861111111111,8.288055555555555
T009,2026-01-27,Teller,41,0,18,18,3,6,35,0,0,1,8.862499999999999,16.555,7.6925
T009,2026-01-28,Teller,52,0,25,22,3,6,45,0,0,1,9.240555555555554,17.613333333333333,8.372777777777777
T009,2026-01-29,Teller,43,0,24,14,3,7,33,0,0,1,8.8475,17.488611111111112,8.641111111111112
T009,2026-01-30,Teller,42,0,14,19,7,7,37,0,0,1,8.797222222222222,16.860833333333336,8.063611111111111
T009,2026-02-02,Teller,46,0,16,23,5,12,50,0,0,1,8.807500000000001,16.9025,8.095
T009,2026-02-03,Teller,54,0,21,29,2,4,56,1,0,1,8.597222222222223,16.899166666666666,8.301944444444445
T009,2026-02-04,Teller,43,0,18,19,4,8,40,0,0,1,9.26361111111111,17.80666666666667,8.543055555555556
T009,2026-02-05,Teller,41,0,17,19,3,5,42,0,0,1,8.905000000000001,16.548333333333336,7.6433333333333335
T009,2026-02-06,Teller,39,0,23,9,5,12,20,0,0,1,8.519166666666667,16.15888888888889,7.639722222222222
T009,2026-02-09,Teller,50,0,29,13,6,14,25,1,0,1,8.579722222222221,16.778888888888886,8.199166666666667
T009,2026-02-10,Teller,43,0,20,17,4,8,33,0,0,1,8.297222222222222,15.872222222222224,7.575
T009,2026-02-11,Teller,47,0,17,21,7,12,43,0,0,1,8.645555555555555,16.42638888888889,7.780833333333334
T009,2026-02-12,Teller,44,0,22,17,3,5,33,0,0,1,8.963888888888889,16.485277777777778,7.521388888888889
T009,2026-02-13,Teller,48,0,23,20,3,7,41,0,0,1,8.742777777777777,16.810000000000002,8.067222222222222
T010,2026-01-05,Teller,59,0,31,23,3,6,46,0,0,1,8.642777777777777,16.34,7.697222222222222
T010,2026-01-06,Teller,35,0,14,13,6,14,26,0,0,1,8.730277777777777,17.302500000000002,8.572222222222223
T010,2026-01-07,Teller,45,0,19,18,6,13,35,1,0,1,8.906666666666666,16.87138888888889,7.964722222222222
T010,2026-01-08,Teller,41,0,14,22,3,9,41,0,0,1,8.877500000000001,16.928611111111113,8.051111111111112
T010,2026-01-09,Teller,39,0,22,9,6,15,16,0,0,1,9.018055555555556,17.28888888888889,8.270833333333334
T010,2026-01-12,Teller,45,0,15,26,2,2,49,0,0,1,8.598055555555556,17.438055555555557,8.84
T010,2026-01-13,Teller,59,0,20,34,3,3,71,0,0,1,8.70611111111111,16.54888888888889,7.842777777777778
T010,2026-01-14,Teller,49,0,20,20,7,16,41,0,0,1,8.4475,17.161388888888887,8.713888888888889
T010,2026-01-15,Teller,48,0,21,20,5,8,41,0,0,1,8.67611111111111,17.16472222222222,8.488611111111112
T010,2026-01-16,Teller,49,0,27,19,1,1,29,0,0,1,9.075277777777778,17.104444444444447,8.029166666666667
T010,2026-01-19,Teller,39,0,22,11,4,8,19,0,0,1,8.762222222222222,16.779444444444444,8.017222222222221
T010,2026-01-20,Teller,51,0,22,23,4,9,40,0,0,1,8.755555555555556,17.6525,8.896944444444445
T010,2026-01-21,Teller,42,0,15,22,3,5,40,0,0,1,8.695833333333333,16.951944444444443,8.25611111111111
T010,2026-01-22,Teller,49,0,23,16,8,14,33,0,0,1,8.633888888888889,15.963333333333333,7.329444444444444
T010,2026-01-23,Teller,49,0,27,17,3,5,46,0,0,1,9.08,16.56722222222222,7.487222222222222
T010,2026-01-26,Teller,49,0,19,21,7,12,43,0,0,1,8.62861111111111,17.583888888888886,8.955277777777777
T010,2026-01-27,Teller,37,0,20,13,2,6,19,0,0,1,8.838333333333335,17.03222222222222,8.193888888888889
T010,2026-01-28,Teller,39,0,18,16,3,6,35,0,0,1,9.025,16.969166666666666,7.944166666666667
T010,2026-01-29,Teller,48,0,22,21,3,7,40,0,0,1,9.278055555555556,17.366666666666667,8.088611111111112
T010,2026-01-30,Teller,48,0,21,24,1,3,50,0,0,1,8.987222222222222,17.395555555555553,8.408333333333333
T010,2026-02-02,Teller,40,0,24,13,1,2,27,0,0,1,8.9225,17.143055555555556,8.220555555555556
T010,2026-02-03,Teller,50,0,19,25,4,9,51,0,0,1,8.551111111111112,16.48611111111111,7.935
T010,2026-02-04,Teller,44,0,20,17,5,11,33,1,0,1,8.973611111111111,17.03527777777778,8.061666666666667
T010,2026-02-05,Teller,41,0,18,15,6,14,29,0,0,1,8.82611111111111,16.432222222222222,7.606111111111111
T010,2026-02-06,Teller,41,0,22,13,4,8,25,0,0,1,9.0125,17.34722222222222,8.334722222222222
T010,2026-02-09,Teller,43,0,21,12,8,14,23,0,0,1,8.473611111111111,16.644444444444446,8.170833333333333
T010,2026-02-10,Teller,40,0,18,15,5,12,32,0,0,1,8.688611111111111,16.46972222222222,7.7811111111111115
T010,2026-02-11,Teller,52,0,29,18,3,6,34,2,0,1,8.573055555555555,16.04277777777778,7.469722222222222
T010,2026-02-12,Teller,47,0,16,22,7,13,39,0,0,1,8.889444444444443,16.330555555555556,7.441111111111111
T010,2026-02-13,Teller,53,0,28,20,3,4,35,0,0,1,8.467222222222222,16.34361111111111,7.876388888888889
