user_id,date,role,event_count,failed_login_count,transaction_count,customer_record_access_count,download_event_count,download_total,records_accessed_total,vip_access_count,unknown_ip_count,unique_ip_count,first_activity_hour,last_activity_hour,activity_duration_hours,anomaly_score,threshold,prediction
C001,2026-03-16,Customer Service,43,0,5,30,6,15,76,1,0,1,8.590277777777779,16.636666666666667,8.046388888888888,0.39460383753419187,0.5521464960734026,0
C002,2026-03-16,Customer Service,43,0,2,33,6,13,159,1,0,1,8.485833333333332,16.30888888888889,7.823055555555555,0.47786334911546907,0.5521464960734026,0
C003,2026-03-16,Customer Service,32,0,3,24,3,10,49,1,0,1,8.754166666666666,17.241666666666667,8.4875,0.4667170833150039,0.5521464960734026,0
C004,2026-03-16,Customer Service,49,0,5,29,13,28,65,2,0,1,8.600277777777777,16.439722222222223,7.839444444444444,0.4948166864635973,0.5521464960734026,0
C005,2026-03-16,Customer Service,52,0,5,33,12,35,77,0,0,1,8.67361111111111,15.767222222222223,7.093611111111112,0.6013144773083432,0.5521464960734026,1
C006,2026-03-16,Customer Service,45,0,7,30,5,61,135,0,0,1,8.179166666666665,21.196944444444444,13.017777777777775,0.6516573644879122,0.5521464960734026,1
C007,2026-03-16,Customer Service,41,0,5,26,8,77,70,1,0,1,8.756388888888889,16.703333333333333,7.946944444444444,0.4503163485661549,0.5521464960734026,0
C008,2026-03-16,Customer Service,35,0,2,26,5,12,60,1,0,1,8.665833333333333,16.40722222222222,7.741388888888889,0.4071838672175041,0.5521464960734026,0
C009,2026-03-16,Customer Service,43,0,3,23,15,39,57,1,0,1,8.661944444444444,17.126944444444444,8.465,0.5262871392739479,0.5521464960734026,0
C010,2026-03-16,Customer Service,46,0,4,34,6,15,90,2,0,1,8.895277777777777,16.861944444444447,7.966666666666667,0.4651293664333614,0.5521464960734026,0
M001,2026-03-16,Manager,36,0,4,17,13,74,51,2,0,1,8.465,17.943055555555556,9.478055555555557,0.4838730232385491,0.5379024781433652,0
M002,2026-03-16,Manager,29,0,1,13,13,59,40,0,0,1,8.57611111111111,17.029166666666665,8.453055555555556,0.3953062798290618,0.5379024781433652,0
M003,2026-03-16,Manager,23,0,0,9,12,65,25,2,0,1,7.997777777777777,16.61527777777778,8.6175,0.46380243698957224,0.5379024781433652,0
M004,2026-03-16,Manager,37,0,2,20,13,55,55,4,0,1,9.27888888888889,18.38083333333333,9.101944444444444,0.5771273908932699,0.5379024781433652,1
M005,2026-03-16,Manager,38,0,0,19,17,69,59,1,0,1,8.986666666666666,17.53611111111111,8.549444444444445,0.5117481913811573,0.5379024781433652,0
M006,2026-03-16,Manager,28,0,3,7,16,57,16,1,0,1,8.549444444444445,17.072222222222223,8.522777777777778,0.42480181924344307,0.5379024781433652,0
M007,2026-03-16,Manager,33,0,2,16,13,69,41,1,0,1,8.554444444444446,17.85666666666667,9.302222222222222,0.4173971064113882,0.5379024781433652,0
M008,2026-03-16,Manager,27,0,3,9,13,51,26,1,0,1,7.449166666666667,16.184722222222224,8.735555555555555,0.4542003446371454,0.5379024781433652,0
M009,2026-03-16,Manager,33,0,1,16,14,64,54,1,0,1,7.867222222222223,17.154999999999998,9.287777777777778,0.4614156793123674,0.5379024781433652,0
M010,2026-03-16,Manager,28,0,5,11,10,43,36,1,0,1,8.080555555555556,16.610277777777778,8.529722222222222,0.41380704776849975,0.5379024781433652,0
T001,2026-03-16,Teller,37,0,17,16,2,3,30,0,0,1,8.278611111111111,16.380277777777778,8.101666666666667,0.44862962300549813,0.5341784647040614,0
T002,2026-03-16,Teller,49,0,30,16,1,2,30,0,0,1,8.956388888888888,16.979999999999997,8.02361111111111,0.47618255394568404,0.5341784647040614,0
T003,2026-03-16,Teller,57,0,32,18,5,8,37,0,0,1,8.606944444444444,16.143055555555556,7.536111111111111,0.48881584920710175,0.5341784647040614,0
T004,2026-03-16,Teller,47,0,18,24,3,8,48,0,0,1,8.585555555555556,16.3825,7.796944444444445,0.3962294305576013,0.5341784647040614,0
T005,2026-03-16,Teller,51,0,22,22,5,48,55,0,0,1,8.8025,17.184166666666666,8.381666666666666,0.5241732969741082,0.5341784647040614,0
T006,2026-03-16,Teller,42,0,13,21,6,15,38,0,0,1,8.526111111111112,16.84611111111111,8.32,0.4342549866907872,0.5341784647040614,0
T007,2026-03-16,Teller,46,0,21,19,4,7,35,1,0,1,8.783055555555556,16.075555555555557,7.2925,0.451710518872683,0.5341784647040614,0
T008,2026-03-16,Teller,45,0,17,23,3,6,47,0,0,1,8.598333333333334,16.058611111111112,7.460277777777778,0.4135041834098962,0.5341784647040614,0
T009,2026-03-16,Teller,60,0,27,26,5,8,49,0,0,1,9.186388888888889,16.858611111111113,7.6722222222222225,0.5117308201713706,0.5341784647040614,0
T010,2026-03-16,Teller,49,0,19,25,3,8,53,0,0,1,8.598055555555556,17.15361111111111,8.555555555555555,0.4323244484240372,0.5341784647040614,0
C001,2026-03-17,Customer Service,34,0,2,26,4,10,70,0,0,1,8.509722222222223,16.441111111111113,7.931388888888889,0.4315122661349881,0.5521464960734026,0
C002,2026-03-17,Customer Service,37,0,0,26,9,23,62,0,0,1,8.207777777777777,16.583055555555557,8.375277777777777,0.4531118407077401,0.5521464960734026,0
C003,2026-03-17,Customer Service,35,1,3,22,7,20,49,1,0,1,8.519444444444446,16.6275,8.108055555555556,0.40541529037074836,0.5521464960734026,0
C004,2026-03-17,Customer Service,37,0,4,20,11,31,49,2,0,1,8.891388888888889,16.923055555555557,8.031666666666666,0.48504605421848457,0.5521464960734026,0
C005,2026-03-17,Customer Service,36,0,3,24,7,14,55,0,0,1,8.703055555555554,16.274444444444445,7.571388888888888,0.40522236895093655,0.5521464960734026,0
C006,2026-03-17,Customer Service,41,0,3,28,8,23,64,1,0,1,8.5725,16.77472222222222,8.202222222222222,0.3893744478293875,0.5521464960734026,0
C007,2026-03-17,Customer Service,37,0,4,26,5,9,62,3,0,1,8.97638888888889,17.28527777777778,8.30888888888889,0.4868364424308673,0.5521464960734026,0
C008,2026-03-17,Customer Service,39,0,4,24,9,25,53,1,0,1,8.800833333333333,16.532777777777778,7.731944444444444,0.39916694130014063,0.5521464960734026,0
C009,2026-03-17,Customer Service,40,0,4,22,11,57,127,0,0,1,8.210833333333333,22.40111111111111,14.190277777777778,0.6196825100762939,0.5521464960734026,1
C010,2026-03-17,Customer Service,42,0,5,27,8,20,70,0,0,1,9.248055555555554,16.97,7.7219444444444445,0.4162427045511201,0.5521464960734026,0
M001,2026-03-17,Manager,28,0,4,13,9,52,41,0,0,1,8.859166666666667,16.998055555555556,8.13888888888889,0.41827420335088983,0.5379024781433652,0
M002,2026-03-17,Manager,23,0,1,10,10,49,32,0,0,1,8.477777777777778,17.545833333333334,9.068055555555556,0.41943522994352855,0.5379024781433652,0
M003,2026-03-17,Manager,26,0,6,8,10,46,23,0,0,1,8.349166666666667,16.12666666666667,7.7775,0.47524396032617294,0.5379024781433652,0
M004,2026-03-17,Manager,31,0,1,12,16,78,26,2,0,1,8.511111111111111,16.184444444444445,7.673333333333333,0.46630604632970124,0.5379024781433652,0
M005,2026-03-17,Manager,28,0,0,12,14,60,36,1,0,1,8.6075,17.283333333333335,8.675833333333333,0.413049974101814,0.5379024781433652,0
M006,2026-03-17,Manager,37,0,4,20,11,49,61,3,0,1,8.405833333333334,16.36527777777778,7.959444444444444,0.5207595625224736,0.5379024781433652,0
M007,2026-03-17,Manager,31,0,2,18,9,41,63,2,0,1,8.152777777777779,16.578333333333333,8.425555555555556,0.46265009083618697,0.5379024781433652,0
M008,2026-03-17,Manager,27,0,2,12,11,35,37,0,0,1,8.556944444444445,17.580277777777777,9.023333333333332,0.41123448033186705,0.5379024781433652,0
M009,2026-03-17,Manager,27,0,1,8,16,62,28,0,0,1,8.18888888888889,17.14527777777778,8.956388888888888,0.42188055837302124,0.5379024781433652,0
M010,2026-03-17,Manager,31,0,4,9,16,68,25,1,0,1,8.346666666666668,16.93777777777778,8.591111111111111,0.4056273102418775,0.5379024781433652,0
T001,2026-03-17,Teller,47,0,23,17,5,11,32,0,0,1,8.508888888888889,16.330555555555556,7.821666666666666,0.3984278985216759,0.5341784647040614,0
T002,2026-03-17,Teller,35,0,19,11,3,7,20,0,0,1,8.473333333333333,17.02777777777778,8.554444444444444,0.4938937222481872,0.5341784647040614,0
T003,2026-03-17,Teller,35,0,14,17,2,3,33,1,0,1,8.723611111111111,17.34611111111111,8.6225,0.4931044170156448,0.5341784647040614,0
T004,2026-03-17,Teller,44,0,15,25,2,3,52,0,0,1,8.567499999999999,17.13888888888889,8.571388888888889,0.4556648362799338,0.5341784647040614,0
T005,2026-03-17,Teller,48,0,19,22,5,13,110,0,0,1,8.82638888888889,17.014444444444443,8.188055555555556,0.4612740034970859,0.5341784647040614,0
T006,2026-03-17,Teller,42,0,17,20,3,8,44,1,0,1,9.105555555555556,16.97833333333333,7.872777777777777,0.43136914448351216,0.5341784647040614,0
T007,2026-03-17,Teller,29,0,16,6,5,9,9,0,0,1,8.70611111111111,17.116388888888892,8.410277777777777,0.5410696807608922,0.5341784647040614,1
T008,2026-03-17,Teller,46,0,19,19,6,12,41,1,0,1,8.474444444444444,16.427500000000002,7.953055555555555,0.45505546671654684,0.5341784647040614,0
T009,2026-03-17,Teller,50,0,20,19,9,22,34,0,0,1,8.346944444444444,17.37361111111111,9.026666666666667,0.5553799559071694,0.5341784647040614,1
T010,2026-03-17,Teller,40,0,17,17,4,9,36,0,0,1,8.9375,17.085833333333333,8.148333333333333,0.38130424264884216,0.5341784647040614,0
C001,2026-03-18,Customer Service,41,0,4,28,7,17,69,0,0,1,8.890277777777778,17.110277777777778,8.22,0.3819295331127485,0.5521464960734026,0
C002,2026-03-18,Customer Service,45,0,1,29,13,35,157,1,0,1,8.748055555555554,16.105555555555558,7.3575,0.5812072092124958,0.5521464960734026,1
C003,2026-03-18,Customer Service,35,0,2,22,9,20,51,1,0,1,8.76361111111111,16.29361111111111,7.53,0.4362731678326296,0.5521464960734026,0
C004,2026-03-18,Customer Service,47,0,7,34,4,13,96,0,0,1,8.690555555555555,16.96722222222222,8.276666666666667,0.5157986007581904,0.5521464960734026,0
C005,2026-03-18,Customer Service,44,0,5,23,14,37,64,1,0,1,8.807777777777778,16.459722222222222,7.651944444444444,0.5158615983511117,0.5521464960734026,0
C006,2026-03-18,Customer Service,42,0,4,26,10,27,66,1,0,1,8.61361111111111,16.421944444444446,7.808333333333334,0.38853192422688076,0.5521464960734026,0
C007,2026-03-18,Customer Service,40,0,10,23,5,11,60,0,0,1,8.639166666666666,16.216944444444444,7.5777777777777775,0.4825944602302227,0.5521464960734026,0
C008,2026-03-18,Customer Service,42,0,3,29,8,15,71,1,0,1,8.6625,16.72222222222222,8.059722222222222,0.38415893172275306,0.5521464960734026,0
C009,2026-03-18,Customer Service,39,0,2,24,11,29,67,1,0,1,8.528333333333334,16.203888888888887,7.6755555555555555,0.4295112700005362,0.5521464960734026,0
C010,2026-03-18,Customer Service,44,0,4,31,7,14,80,1,0,1,8.713888888888889,17.101944444444445,8.388055555555555,0.4118459518881482,0.5521464960734026,0
M001,2026-03-18,Manager,29,0,1,18,8,41,54,2,0,1,8.191944444444445,16.17638888888889,7.984444444444445,0.473089210394874,0.5379024781433652,0
M002,2026-03-18,Manager,28,0,3,10,13,48,38,0,0,1,8.387777777777778,16.88722222222222,8.499444444444444,0.38958142828900466,0.5379024781433652,0
M003,2026-03-18,Manager,32,0,1,12,17,79,32,2,0,1,8.765277777777778,17.699444444444445,8.934166666666666,0.44006607394620606,0.5379024781433652,0
M004,2026-03-18,Manager,35,0,5,11,17,70,27,1,0,1,8.346944444444444,17.092222222222222,8.745277777777778,0.4252413026479318,0.5379024781433652,0
M005,2026-03-18,Manager,31,0,4,15,10,64,40,0,0,1,8.549166666666666,16.838055555555556,8.28888888888889,0.3996487421160295,0.5379024781433652,0
M006,2026-03-18,Manager,32,0,3,15,12,49,43,0,0,1,8.166944444444443,16.335555555555555,8.168611111111112,0.4021513525762326,0.5379024781433652,0
M007,2026-03-18,Manager,21,0,1,6,12,53,22,0,0,1,8.749722222222221,18.640833333333333,9.891111111111112,0.5197250993813426,0.5379024781433652,0
M008,2026-03-18,Manager,31,0,4,13,12,45,32,0,0,1,8.705277777777777,17.041666666666668,8.336388888888889,0.39459623457044773,0.5379024781433652,0
M009,2026-03-18,Manager,26,0,3,10,11,34,27,1,0,1,8.359444444444444,17.636388888888888,9.276944444444444,0.4281641141233435,0.5379024781433652,0
M010,2026-03-18,Manager,33,0,0,16,15,77,37,1,0,1,8.185,16.2,8.015,0.4559940378473685,0.5379024781433652,0
T001,2026-03-18,Teller,38,0,18,16,2,4,35,0,0,1,8.761944444444444,16.728055555555553,7.966111111111111,0.39263113654382203,0.5341784647040614,0
T002,2026-03-18,Teller,53,0,27,20,4,10,46,1,0,1,8.845555555555556,17.0375,8.191944444444445,0.4586970124434575,0.5341784647040614,0
T003,2026-03-18,Teller,50,0,17,27,4,9,65,0,0,1,8.726111111111111,16.43611111111111,7.71,0.4697345533091723,0.5341784647040614,0
T004,2026-03-18,Teller,56,0,25,27,2,6,48,0,0,1,8.14861111111111,16.252777777777776,8.104166666666666,0.519529310471067,0.5341784647040614,0
T005,2026-03-18,Teller,51,0,21,19,9,16,29,0,0,1,8.420555555555556,16.255277777777778,7.834722222222222,0.4863579900378879,0.5341784647040614,0
T006,2026-03-18,Teller,47,0,19,20,5,31,99,0,0,1,9.005277777777778,21.27472222222222,12.269444444444444,0.6233732066257135,0.5341784647040614,1
T007,2026-03-18,Teller,43,0,12,24,5,12,43,0,0,1,8.760277777777778,16.88861111111111,8.128333333333334,0.4114887315742834,0.5341784647040614,0
T008,2026-03-18,Teller,41,0,20,14,5,10,28,0,0,1,8.459166666666667,16.93138888888889,8.472222222222221,0.4177380156556459,0.5341784647040614,0
T009,2026-03-18,Teller,45,0,18,14,11,20,28,0,0,1,8.956944444444444,16.701666666666664,7.744722222222222,0.5094972340954821,0.5341784647040614,0
T010,2026-03-18,Teller,42,0,25,13,2,5,23,0,0,1,9.001666666666667,16.668055555555558,7.666388888888889,0.45395263629611793,0.5341784647040614,0
C001,2026-03-19,Customer Service,37,0,0,30,5,10,84,0,0,1,9.14861111111111,17.00611111111111,7.8575,0.48809912931552973,0.5521464960734026,0
C002,2026-03-19,Customer Service,41,0,4,30,5,16,66,0,0,1,9.012222222222222,17.48611111111111,8.473888888888888,0.4357095398891439,0.5521464960734026,0
C003,2026-03-19,Customer Service,32,0,3,23,4,9,62,0,0,1,8.886944444444444,16.196944444444444,7.31,0.48464194697860347,0.5521464960734026,0
C004,2026-03-19,Customer Service,37,0,5,24,6,15,63,0,0,1,9.283055555555556,17.447777777777777,8.164722222222222,0.43924849871483457,0.5521464960734026,0
C005,2026-03-19,Customer Service,43,0,2,30,9,22,67,0,0,1,8.499722222222221,16.035,7.535277777777778,0.43472896433133723,0.5521464960734026,0
C006,2026-03-19,Customer Service,38,0,4,27,5,13,79,4,0,1,8.810555555555556,16.53611111111111,7.725555555555555,0.5126074073020005,0.5521464960734026,0
C007,2026-03-19,Customer Service,45,0,4,29,9,60,122,4,0,1,8.458055555555555,22.97611111111111,14.518055555555556,0.6630570963415781,0.5521464960734026,1
C008,2026-03-19,Customer Service,31,0,1,22,6,16,51,0,0,1,8.704722222222221,16.902777777777775,8.198055555555555,0.436238147666345,0.5521464960734026,0
C009,2026-03-19,Customer Service,31,0,2,22,5,10,56,0,0,1,8.989722222222222,17.136388888888888,8.146666666666667,0.44942360585532254,0.5521464960734026,0
C010,2026-03-19,Customer Service,45,0,5,30,8,23,78,0,0,1,8.645,16.55611111111111,7.911111111111111,0.40417423235690647,0.5521464960734026,0
M001,2026-03-19,Manager,35,0,6,15,12,48,44,0,0,1,8.786111111111111,16.824166666666667,8.038055555555555,0.4453766862002342,0.5379024781433652,0
M002,2026-03-19,Manager,36,0,5,18,11,45,52,1,0,1,8.431111111111111,16.859444444444446,8.428333333333333,0.4283759818192684,0.5379024781433652,0
M003,2026-03-19,Manager,30,0,2,11,15,73,24,0,0,1,8.525833333333335,16.5075,7.981666666666666,0.4206031596415681,0.5379024781433652,0
M004,2026-03-19,Manager,26,0,4,12,8,36,37,1,0,1,8.43,17.68,9.25,0.4398395185159142,0.5379024781433652,0
M005,2026-03-19,Manager,37,0,7,13,15,75,31,2,0,1,8.166111111111112,17.14527777777778,8.979166666666666,0.48613407336977643,0.5379024781433652,0
M006,2026-03-19,Manager,30,0,4,9,15,65,23,0,0,1,8.097777777777779,16.578888888888887,8.481111111111112,0.42205205354288633,0.5379024781433652,0
M007,2026-03-19,Manager,29,0,7,12,8,37,31,0,0,1,8.557777777777778,16.113333333333333,7.555555555555555,0.5021320120960977,0.5379024781433652,0
M008,2026-03-19,Manager,38,0,5,20,11,55,46,2,0,1,9.028333333333334,18.515555555555554,9.487222222222222,0.5388708533314897,0.5379024781433652,1
M009,2026-03-19,Manager,35,0,7,10,16,57,27,1,0,1,8.794166666666667,17.781944444444445,8.987777777777778,0.48267564474889335,0.5379024781433652,0
M010,2026-03-19,Manager,38,0,2,25,9,44,64,1,0,1,8.586388888888889,16.824444444444445,8.238055555555556,0.5206240829949403,0.5379024781433652,0
T001,2026-03-19,Teller,52,0,20,25,5,8,48,0,0,1,8.706388888888888,16.598888888888887,7.8925,0.3994192617385459,0.5341784647040614,0
T002,2026-03-19,Teller,42,0,19,19,2,5,35,0,0,1,9.009444444444444,17.490555555555556,8.481111111111112,0.4114234188995895,0.5341784647040614,0
T003,2026-03-19,Teller,43,0,21,19,1,3,41,0,0,1,8.81027777777778,17.038333333333334,8.228055555555555,0.4119660856677837,0.5341784647040614,0
T004,2026-03-19,Teller,54,0,26,20,6,12,42,0,0,1,8.168888888888889,15.835277777777778,7.666388888888889,0.5076366739632588,0.5341784647040614,0
T005,2026-03-19,Teller,32,0,10,18,2,5,37,0,0,1,8.710277777777778,16.864722222222223,8.154444444444444,0.4404818361891706,0.5341784647040614,0
T006,2026-03-19,Teller,46,0,21,18,5,8,36,0,0,1,8.345833333333333,17.022222222222222,8.676388888888889,0.4294435484798941,0.5341784647040614,0
T007,2026-03-19,Teller,32,0,10,15,5,7,30,0,0,1,8.542777777777777,16.28638888888889,7.743611111111111,0.4663874110241511,0.5341784647040614,0
T008,2026-03-19,Teller,55,0,24,25,4,6,48,2,0,1,8.904722222222222,17.578611111111112,8.67388888888889,0.5664463461311335,0.5341784647040614,1
T009,2026-03-19,Teller,48,0,23,20,3,5,40,1,0,1,8.471111111111112,16.425833333333333,7.954722222222222,0.43683093076798885,0.5341784647040614,0
T010,2026-03-19,Teller,44,0,22,20,0,0,47,0,0,1,9.09138888888889,17.234722222222224,8.143333333333333,0.4980789998911601,0.5341784647040614,0
C001,2026-03-20,Customer Service,37,0,4,26,5,12,167,0,0,1,8.768611111111111,16.481666666666666,7.713055555555556,0.4585241405144405,0.5521464960734026,0
C002,2026-03-20,Customer Service,43,0,4,30,7,20,73,1,0,1,8.693611111111112,16.593888888888888,7.900277777777778,0.3848202319190733,0.5521464960734026,0
C003,2026-03-20,Customer Service,34,0,1,22,9,23,55,0,0,1,8.92361111111111,17.27611111111111,8.3525,0.4403358811400129,0.5521464960734026,0
C004,2026-03-20,Customer Service,46,0,2,30,12,37,63,0,0,1,9.063333333333334,17.010555555555555,7.947222222222222,0.5066842059787385,0.5521464960734026,0
C005,2026-03-20,Customer Service,43,0,5,28,8,18,60,1,0,1,8.938055555555556,17.0,8.061944444444444,0.39590704297654866,0.5521464960734026,0
C006,2026-03-20,Customer Service,41,0,4,27,8,18,64,2,0,1,8.801666666666668,17.1925,8.390833333333333,0.416023234409654,0.5521464960734026,0
C007,2026-03-20,Customer Service,38,0,3,31,2,6,62,0,0,1,8.898333333333333,17.239722222222223,8.341388888888888,0.4773527039701564,0.5521464960734026,0
C008,2026-03-20,Customer Service,43,0,2,29,10,25,73,0,0,1,8.674722222222222,16.941666666666666,8.266944444444444,0.4045323994903529,0.5521464960734026,0
C009,2026-03-20,Customer Service,41,0,1,31,7,19,74,2,0,1,9.1325,16.43305555555556,7.3005555555555555,0.4788086626456117,0.5521464960734026,0
C010,2026-03-20,Customer Service,30,0,5,15,8,18,44,0,0,1,8.791944444444445,16.27027777777778,7.478333333333333,0.5248998951321777,0.5521464960734026,0
M001,2026-03-20,Manager,35,0,2,12,19,88,36,1,0,1,8.302222222222223,16.18111111111111,7.878888888888889,0.46659640567686356,0.5379024781433652,0
M002,2026-03-20,Manager,25,0,1,11,10,139,115,2,0,1,8.976111111111111,22.13888888888889,13.162777777777778,0.6223639658815322,0.5379024781433652,1
M003,2026-03-20,Manager,21,0,1,9,9,47,26,0,0,1,8.482222222222223,17.871666666666666,9.389444444444443,0.4685019519694125,0.5379024781433652,0
M004,2026-03-20,Manager,25,0,1,9,13,58,24,1,0,1,8.861388888888888,17.141111111111112,8.279722222222222,0.41563101508905836,0.5379024781433652,0
M005,2026-03-20,Manager,42,0,9,14,17,82,35,1,0,1,8.341944444444445,16.075277777777778,7.733333333333333,0.5366137532505498,0.5379024781433652,0
M006,2026-03-20,Manager,34,0,7,14,11,42,39,2,0,1,8.210833333333333,16.355555555555558,8.144722222222223,0.46417029476589666,0.5379024781433652,0
M007,2026-03-20,Manager,34,0,0,18,14,65,39,1,0,1,8.19138888888889,16.82361111111111,8.632222222222222,0.44203712997964517,0.5379024781433652,0
M008,2026-03-20,Manager,34,0,2,16,14,60,43,1,0,1,8.466666666666667,16.62138888888889,8.154722222222222,0.3984574132818542,0.5379024781433652,0
M009,2026-03-20,Manager,29,0,2,10,15,69,38,0,0,1,8.717222222222222,16.96638888888889,8.249166666666667,0.40296870731123857,0.5379024781433652,0
M010,2026-03-20,Manager,34,0,0,19,13,60,55,1,0,1,8.56861111111111,16.825555555555557,8.256944444444445,0.4502213853632088,0.5379024781433652,0
T001,2026-03-20,Teller,50,0,25,19,4,8,36,1,0,1,8.937222222222223,17.34472222222222,8.4075,0.4544663874212946,0.5341784647040614,0
T002,2026-03-20,Teller,42,0,20,17,3,7,40,0,0,1,8.783055555555556,16.878888888888888,8.095833333333333,0.36877048112794936,0.5341784647040614,0
T003,2026-03-20,Teller,48,0,22,21,3,6,45,0,0,1,9.48611111111111,17.023333333333333,7.537222222222222,0.44628002463911126,0.5341784647040614,0
T004,2026-03-20,Teller,48,0,19,21,5,40,94,1,0,1,8.622777777777777,22.89305555555556,14.270277777777778,0.6397222002467327,0.5341784647040614,1
T005,2026-03-20,Teller,41,0,25,12,2,6,25,0,0,1,8.62638888888889,16.42388888888889,7.7975,0.452060367990692,0.5341784647040614,0
T006,2026-03-20,Teller,60,0,27,24,7,17,47,0,0,1,8.331111111111111,16.501666666666665,8.170555555555556,0.5324926993744739,0.5341784647040614,0
T007,2026-03-20,Teller,44,0,14,17,11,16,36,1,0,1,8.841944444444445,17.386666666666667,8.544722222222223,0.5397311925062174,0.5341784647040614,1
T008,2026-03-20,Teller,50,0,19,23,6,14,48,0,0,1,9.068888888888887,16.895,7.826111111111111,0.4270485267988218,0.5341784647040614,0
T009,2026-03-20,Teller,44,0,16,23,3,8,45,1,0,1,8.866944444444444,16.989722222222223,8.122777777777777,0.42067347609330075,0.5341784647040614,0
T010,2026-03-20,Teller,53,0,26,20,5,9,42,0,0,1,8.63888888888889,16.890833333333333,8.251944444444444,0.40062205838615267,0.5341784647040614,0
C001,2026-03-23,Customer Service,41,0,6,24,9,20,60,0,0,1,8.778333333333334,16.796111111111113,8.017777777777777,0.3864875843229459,0.5521464960734026,0
C002,2026-03-23,Customer Service,34,0,5,21,6,18,44,1,0,1,9.309166666666668,17.78777777777778,8.47861111111111,0.5135329820180677,0.5521464960734026,0
C003,2026-03-23,Customer Service,33,0,2,27,2,3,61,0,0,1,8.902222222222223,16.741666666666667,7.839444444444444,0.4882134026031598,0.5521464960734026,0
C004,2026-03-23,Customer Service,40,0,2,30,6,14,75,3,0,1,8.724166666666667,17.061666666666667,8.3375,0.462401237096422,0.5521464960734026,0
C005,2026-03-23,Customer Service,42,0,3,30,7,16,72,2,0,1,8.227500000000001,16.37361111111111,8.14611111111111,0.45416404708036723,0.5521464960734026,0
C006,2026-03-23,Customer Service,42,0,3,30,7,15,64,1,0,1,8.923888888888888,16.719166666666666,7.795277777777778,0.392470912792112,0.5521464960734026,0
C007,2026-03-23,Customer Service,33,0,3,26,2,8,58,0,0,1,9.085,17.190555555555555,8.105555555555556,0.4721189821700042,0.5521464960734026,0
C008,2026-03-23,Customer Service,40,0,5,23,10,79,61,1,0,1,8.708333333333332,16.232777777777777,7.524444444444445,0.4814682055472751,0.5521464960734026,0
C009,2026-03-23,Customer Service,40,0,6,22,10,23,54,0,0,1,9.058611111111112,17.442777777777778,8.384166666666667,0.4455511939930457,0.5521464960734026,0
C010,2026-03-23,Customer Service,45,0,6,31,6,16,78,0,0,1,8.5325,15.658888888888889,7.126388888888889,0.5018709691172919,0.5521464960734026,0
M001,2026-03-23,Manager,40,0,4,22,12,55,72,3,0,1,8.589722222222223,17.301111111111112,8.711388888888889,0.5434304082831661,0.5379024781433652,1
M002,2026-03-23,Manager,30,0,3,14,11,45,47,3,0,1,8.338611111111112,16.9175,8.578888888888889,0.42088301143725354,0.5379024781433652,0
M003,2026-03-23,Manager,22,0,3,11,6,170,38,2,0,1,8.966944444444444,17.65694444444444,8.69,0.5495334859365792,0.5379024781433652,1
M004,2026-03-23,Manager,34,0,1,15,16,62,50,2,0,1,9.106944444444444,17.669722222222223,8.562777777777777,0.4427647758165996,0.5379024781433652,0
M005,2026-03-23,Manager,25,0,1,12,10,51,35,1,0,1,9.004722222222222,16.74888888888889,7.744166666666667,0.4374349599620368,0.5379024781433652,0
M006,2026-03-23,Manager,27,0,3,8,14,55,21,1,0,1,8.51361111111111,17.24361111111111,8.73,0.4041101363279765,0.5379024781433652,0
M007,2026-03-23,Manager,31,0,4,16,9,43,46,3,0,1,8.675833333333333,16.530277777777776,7.854444444444445,0.4644503802122206,0.5379024781433652,0
M008,2026-03-23,Manager,29,0,3,11,13,49,37,2,0,1,8.755277777777778,16.647222222222222,7.891944444444444,0.4225796462358447,0.5379024781433652,0
M009,2026-03-23,Manager,35,0,3,15,15,55,47,0,0,1,8.2425,16.025555555555556,7.783055555555555,0.44347714876726413,0.5379024781433652,0
M010,2026-03-23,Manager,22,0,2,8,10,40,19,2,0,1,8.078888888888889,15.778333333333334,7.6994444444444445,0.48916046705571437,0.5379024781433652,0
T001,2026-03-23,Teller,48,0,22,18,6,11,41,1,0,1,8.658055555555556,17.074166666666667,8.41611111111111,0.4507455993127775,0.5341784647040614,0
T002,2026-03-23,Teller,42,0,14,20,6,13,38,1,0,1,8.479166666666666,16.734166666666667,8.255,0.4654003786181931,0.5341784647040614,0
T003,2026-03-23,Teller,52,0,28,20,2,4,36,0,0,1,8.49472222222222,16.621666666666666,8.126944444444444,0.44056717599711487,0.5341784647040614,0
T004,2026-03-23,Teller,37,0,14,14,7,12,31,1,0,1,9.088611111111112,16.754444444444445,7.665833333333333,0.4985464620273447,0.5341784647040614,0
T005,2026-03-23,Teller,39,0,22,10,5,13,18,1,0,1,8.371111111111112,16.359166666666667,7.9880555555555555,0.5515582673685558,0.5341784647040614,1
T006,2026-03-23,Teller,43,0,15,20,6,11,42,0,0,1,8.655277777777778,16.95638888888889,8.301111111111112,0.3924987938704921,0.5341784647040614,0
T007,2026-03-23,Teller,46,0,19,20,5,10,46,0,0,1,8.796111111111111,17.148055555555555,8.351944444444445,0.38441956849900405,0.5341784647040614,0
T008,2026-03-23,Teller,36,0,19,11,4,48,26,0,0,1,8.935,16.609722222222224,7.674722222222222,0.5244399611412179,0.5341784647040614,0
T009,2026-03-23,Teller,38,0,19,14,3,7,26,0,0,1,9.177777777777775,16.343055555555555,7.165277777777778,0.47161783711025307,0.5341784647040614,0
T010,2026-03-23,Teller,49,0,32,13,2,2,26,0,0,1,8.773055555555556,16.798055555555557,8.025,0.49225863919422613,0.5341784647040614,0
C001,2026-03-24,Customer Service,43,0,2,28,11,22,77,2,0,1,8.617222222222223,17.125555555555557,8.508333333333333,0.4606758677743682,0.5521464960734026,0
C002,2026-03-24,Customer Service,33,0,5,21,5,12,53,1,0,1,9.141666666666666,17.5975,8.455833333333333,0.49244231140543904,0.5521464960734026,0
C003,2026-03-24,Customer Service,39,0,7,23,7,21,60,0,0,1,8.91638888888889,15.901388888888889,6.985,0.4970237268621246,0.5521464960734026,0
C004,2026-03-24,Customer Service,47,0,4,36,5,7,73,0,0,1,8.703888888888889,17.134166666666665,8.430277777777778,0.4906120598854983,0.5521464960734026,0
C005,2026-03-24,Customer Service,43,0,3,30,8,23,70,0,0,1,9.077222222222222,16.829722222222223,7.7525,0.4064060247692722,0.5521464960734026,0
C006,2026-03-24,Customer Service,42,0,6,26,8,19,66,1,0,1,8.567777777777778,16.485555555555557,7.917777777777777,0.3881863187861857,0.5521464960734026,0
C007,2026-03-24,Customer Service,42,0,3,27,10,26,68,0,0,1,9.159444444444444,17.811666666666667,8.652222222222223,0.48476186048131775,0.5521464960734026,0
C008,2026-03-24,Customer Service,40,0,5,26,7,14,72,2,0,1,8.324166666666667,16.448333333333334,8.124166666666667,0.44035121867647925,0.5521464960734026,0
C009,2026-03-24,Customer Service,28,0,3,19,4,6,53,0,0,1,8.359444444444444,16.448611111111113,8.089166666666667,0.5143105624856105,0.5521464960734026,0
C010,2026-03-24,Customer Service,37,0,4,24,7,19,55,0,0,1,8.63361111111111,16.610555555555557,7.976944444444444,0.38263938948961,0.5521464960734026,0
M001,2026-03-24,Manager,24,0,1,9,12,53,27,1,0,1,8.214722222222221,16.770833333333332,8.556111111111111,0.39803445713260277,0.5379024781433652,0
M002,2026-03-24,Manager,41,0,9,13,17,61,39,0,0,1,8.473611111111111,16.959444444444443,8.485833333333334,0.5031667745091348,0.5379024781433652,0
M003,2026-03-24,Manager,36,0,4,16,14,60,117,0,0,1,8.6325,16.889444444444443,8.256944444444445,0.4836653907166688,0.5379024781433652,0
M004,2026-03-24,Manager,37,0,4,15,16,61,43,0,0,1,8.405277777777778,17.54416666666667,9.13888888888889,0.43833724092654147,0.5379024781433652,0
M005,2026-03-24,Manager,30,0,2,13,13,63,34,1,0,1,7.86888888888889,15.8,7.931111111111111,0.4460118344707777,0.5379024781433652,0
M006,2026-03-24,Manager,28,0,2,11,13,54,37,0,0,1,8.2625,16.654166666666665,8.391666666666667,0.3942188658622964,0.5379024781433652,0
M007,2026-03-24,Manager,23,0,2,8,10,142,98,0,0,1,8.235555555555555,23.459166666666665,15.223611111111111,0.6223837547187389,0.5379024781433652,1
M008,2026-03-24,Manager,33,0,2,13,16,58,30,1,0,1,8.409166666666668,16.834999999999997,8.425833333333333,0.39350495043108324,0.5379024781433652,0
M009,2026-03-24,Manager,36,0,4,17,13,70,56,2,0,1,8.45722222222222,17.372777777777777,8.915555555555555,0.4459866091744377,0.5379024781433652,0
M010,2026-03-24,Manager,34,0,2,13,17,74,38,1,0,1,8.308611111111112,17.549166666666668,9.240555555555556,0.4134964829134782,0.5379024781433652,0
T001,2026-03-24,Teller,44,0,20,17,5,11,38,0,0,1,8.561111111111112,16.43305555555556,7.871944444444445,0.385688893717309,0.5341784647040614,0
T002,2026-03-24,Teller,44,0,18,20,4,7,35,0,0,1,8.928055555555554,16.86861111111111,7.940555555555555,0.3763112828319015,0.5341784647040614,0
T003,2026-03-24,Teller,43,0,19,16,6,16,30,0,0,1,8.827777777777778,16.921111111111113,8.093333333333334,0.40321442034403604,0.5341784647040614,0
T004,2026-03-24,Teller,45,0,16,20,7,16,31,1,0,1,9.025555555555556,17.175833333333333,8.150277777777777,0.47912000066067917,0.5341784647040614,0
T005,2026-03-24,Teller,48,0,16,26,4,6,54,1,0,1,8.426666666666666,16.927222222222223,8.500555555555556,0.49360268241058314,0.5341784647040614,0
T006,2026-03-24,Teller,51,0,22,22,4,40,91,0,0,1,8.999444444444444,22.60805555555556,13.608611111111111,0.6208790421118501,0.5341784647040614,1
T007,2026-03-24,Teller,50,0,16,20,12,18,41,0,0,1,8.621944444444445,17.25861111111111,8.636666666666667,0.5293701424410103,0.5341784647040614,0
T008,2026-03-24,Teller,41,0,14,19,6,11,41,0,0,1,8.911388888888888,16.706944444444442,7.795555555555556,0.39618879105335114,0.5341784647040614,0
T009,2026-03-24,Teller,47,0,20,15,10,17,28,0,0,1,8.300277777777778,16.318055555555556,8.017777777777777,0.5186002937173392,0.5341784647040614,0
T010,2026-03-24,Teller,46,0,15,23,6,48,45,0,0,1,8.780833333333334,16.600833333333334,7.82,0.48214819184324464,0.5341784647040614,0
C001,2026-03-25,Customer Service,45,0,3,25,15,37,58,1,0,1,8.983055555555556,17.31388888888889,8.330833333333333,0.5256224035668584,0.5521464960734026,0
C002,2026-03-25,Customer Service,35,0,4,23,6,21,63,2,0,1,8.5325,16.38222222222222,7.849722222222222,0.4346206478949177,0.5521464960734026,0
C003,2026-03-25,Customer Service,41,0,3,31,5,10,81,3,0,1,8.573611111111111,16.721944444444443,8.148333333333333,0.47920155553790716,0.5521464960734026,0
C004,2026-03-25,Customer Service,41,0,5,25,9,20,69,1,0,1,8.545555555555556,16.011111111111113,7.4655555555555555,0.42031912279077516,0.5521464960734026,0
C005,2026-03-25,Customer Service,42,0,5,29,6,21,71,0,0,1,8.866111111111111,17.031944444444445,8.165833333333333,0.3940033673645829,0.5521464960734026,0
C006,2026-03-25,Customer Service,47,0,4,31,10,24,79,0,0,1,9.04111111111111,16.7,7.658888888888889,0.4416821455832893,0.5521464960734026,0
C007,2026-03-25,Customer Service,34,0,2,24,6,18,52,1,0,1,8.70861111111111,16.386666666666667,7.678055555555556,0.4222232704510885,0.5521464960734026,0
C008,2026-03-25,Customer Service,40,0,4,28,6,70,71,1,0,1,9.089722222222225,16.798333333333336,7.708611111111111,0.46875415486845917,0.5521464960734026,0
C009,2026-03-25,Customer Service,32,0,2,21,7,21,56,0,0,1,9.059722222222224,17.19527777777778,8.135555555555555,0.43762820460601365,0.5521464960734026,0
C010,2026-03-25,Customer Service,38,0,4,26,6,17,53,0,0,1,9.024444444444445,17.789722222222224,8.765277777777778,0.4702642810701426,0.5521464960734026,0
M001,2026-03-25,Manager,25,0,3,9,11,46,31,1,0,1,8.19888888888889,16.385833333333334,8.186944444444444,0.4006041083035365,0.5379024781433652,0
M002,2026-03-25,Manager,21,0,2,6,11,44,15,0,0,1,8.164444444444445,17.26388888888889,9.099444444444444,0.4665049005426558,0.5379024781433652,0
M003,2026-03-25,Manager,29,0,1,14,12,66,35,4,0,1,8.397777777777778,16.859444444444446,8.461666666666666,0.4674767347055114,0.5379024781433652,0
M004,2026-03-25,Manager,22,0,3,8,9,42,125,0,0,1,8.734444444444444,17.64,8.905555555555555,0.4942601215382767,0.5379024781433652,0
M005,2026-03-25,Manager,34,0,3,18,11,52,64,0,0,1,7.788333333333333,16.328611111111112,8.540277777777778,0.483284163608343,0.5379024781433652,0
M006,2026-03-25,Manager,32,0,3,12,15,71,32,0,0,1,7.588888888888889,16.498333333333335,8.909444444444444,0.4478964399309869,0.5379024781433652,0
M007,2026-03-25,Manager,30,0,1,14,12,144,103,1,0,1,8.51888888888889,22.648611111111112,14.129722222222222,0.5953154179790991,0.5379024781433652,1
M008,2026-03-25,Manager,33,0,6,7,18,92,16,2,0,1,8.949722222222222,16.91333333333333,7.963611111111111,0.5384349793066496,0.5379024781433652,1
M009,2026-03-25,Manager,41,0,2,17,20,88,54,0,0,1,8.251111111111111,16.429722222222225,8.178611111111111,0.5301724306780996,0.5379024781433652,0
M010,2026-03-25,Manager,35,0,5,9,19,88,28,2,0,1,8.940277777777778,16.893055555555556,7.9527777777777775,0.502874043051707,0.5379024781433652,0
T001,2026-03-25,Teller,48,0,18,21,7,16,40,1,0,1,8.979722222222222,16.547777777777778,7.5680555555555555,0.4773046313664198,0.5341784647040614,0
T002,2026-03-25,Teller,49,0,16,24,7,11,43,0,0,1,8.643888888888888,16.40861111111111,7.764722222222222,0.41853984811730766,0.5341784647040614,0
T003,2026-03-25,Teller,41,0,18,17,4,9,30,0,0,1,8.729722222222222,16.93777777777778,8.208055555555555,0.37579237632885787,0.5341784647040614,0
T004,2026-03-25,Teller,42,0,18,19,3,5,118,0,0,1,8.788333333333334,16.353611111111114,7.565277777777778,0.457343484964391,0.5341784647040614,0
T005,2026-03-25,Teller,47,0,19,23,3,6,45,0,0,1,8.757222222222222,17.28805555555556,8.530833333333334,0.3930576519984819,0.5341784647040614,0
T006,2026-03-25,Teller,54,0,21,23,8,10,48,0,0,1,8.980833333333333,16.63722222222222,7.656388888888888,0.44704394426721766,0.5341784647040614,0
T007,2026-03-25,Teller,36,0,13,16,5,11,36,0,0,1,8.629444444444445,16.488055555555558,7.858611111111111,0.41395155656409155,0.5341784647040614,0
T008,2026-03-25,Teller,44,0,19,20,3,6,39,2,0,1,8.458055555555555,16.10888888888889,7.650833333333333,0.5206493595864083,0.5341784647040614,0
T009,2026-03-25,Teller,49,0,23,21,3,5,45,0,0,1,9.213888888888889,16.991111111111113,7.777222222222222,0.427848694041854,0.5341784647040614,0
T010,2026-03-25,Teller,57,0,19,33,3,5,73,0,0,1,8.72861111111111,16.50111111111111,7.7725,0.538922376108581,0.5341784647040614,1
C001,2026-03-26,Customer Service,33,0,4,16,11,24,40,0,0,1,8.519166666666667,16.941388888888888,8.422222222222222,0.5084003277964778,0.5521464960734026,0
C002,2026-03-26,Customer Service,42,0,4,28,8,16,67,3,0,1,8.47,16.845,8.375,0.45629023400973673,0.5521464960734026,0
C003,2026-03-26,Customer Service,45,0,6,26,11,22,68,1,0,1,8.90611111111111,16.755555555555556,7.849444444444444,0.41336691618858445,0.5521464960734026,0
C004,2026-03-26,Customer Service,32,0,2,18,10,27,57,1,0,1,8.3,16.600833333333334,8.300833333333333,0.4995470144994697,0.5521464960734026,0
C005,2026-03-26,Customer Service,47,0,4,36,5,9,93,1,0,1,8.586944444444445,16.485277777777778,7.898333333333333,0.4922792114251755,0.5521464960734026,0
C006,2026-03-26,Customer Service,50,0,6,30,12,29,83,0,0,1,8.70722222222222,15.95361111111111,7.246388888888889,0.5357524642802722,0.5521464960734026,0
C007,2026-03-26,Customer Service,51,0,6,29,14,37,74,0,0,1,9.053333333333336,16.559722222222224,7.506388888888889,0.590112284392153,0.5521464960734026,1
C008,2026-03-26,Customer Service,28,0,2,17,7,19,37,0,0,1,8.917777777777777,16.798611111111114,7.880833333333333,0.5257348869404315,0.5521464960734026,0
C009,2026-03-26,Customer Service,43,0,4,31,6,12,76,1,0,1,8.646944444444443,16.230833333333333,7.583888888888889,0.4159328535285822,0.5521464960734026,0
C010,2026-03-26,Customer Service,38,0,4,23,9,22,63,0,0,1,9.043055555555556,16.628611111111113,7.585555555555556,0.4108922407706191,0.5521464960734026,0
M001,2026-03-26,Manager,24,0,4,9,9,34,28,0,0,1,8.233055555555556,16.68888888888889,8.455833333333333,0.43267180038165876,0.5379024781433652,0
M002,2026-03-26,Manager,37,0,5,19,11,47,58,3,0,1,8.42861111111111,16.074166666666667,7.645555555555555,0.5249243888576516,0.5379024781433652,0
M003,2026-03-26,Manager,31,0,3,16,10,51,53,2,0,1,7.990277777777778,16.651944444444442,8.661666666666667,0.4297670047094391,0.5379024781433652,0
M004,2026-03-26,Manager,32,0,1,11,18,153,34,0,0,1,9.075555555555557,16.940833333333334,7.865277777777778,0.5333429960374872,0.5379024781433652,0
M005,2026-03-26,Manager,40,0,5,17,16,70,50,1,0,1,7.785277777777778,16.59611111111111,8.810833333333333,0.5004171916249298,0.5379024781433652,0
M006,2026-03-26,Manager,29,0,1,15,11,53,48,1,0,1,8.940833333333334,17.755,8.814166666666667,0.41559928316324346,0.5379024781433652,0
M007,2026-03-26,Manager,32,0,3,13,13,158,95,2,0,1,8.20111111111111,22.91638888888889,14.71527777777778,0.6052817731623573,0.5379024781433652,1
M008,2026-03-26,Manager,26,0,1,7,16,65,20,1,0,1,8.223888888888888,16.704722222222223,8.480833333333333,0.42676080349696105,0.5379024781433652,0
M009,2026-03-26,Manager,33,0,4,12,15,85,127,0,0,1,9.066111111111113,17.29361111111111,8.2275,0.5126284210680526,0.5379024781433652,0
M010,2026-03-26,Manager,27,0,4,11,10,26,37,1,0,1,8.640277777777778,16.950555555555553,8.310277777777777,0.4228647382708453,0.5379024781433652,0
T001,2026-03-26,Teller,48,0,22,23,1,3,53,0,0,1,9.046388888888888,17.518055555555556,8.471666666666666,0.4689785580360902,0.5341784647040614,0
T002,2026-03-26,Teller,43,0,13,20,8,18,45,1,0,1,8.575555555555555,16.186944444444446,7.611388888888888,0.5237894796903292,0.5341784647040614,0
T003,2026-03-26,Teller,43,0,13,25,3,5,47,0,0,1,8.132777777777779,16.392222222222223,8.259444444444444,0.4721727476773129,0.5341784647040614,0
T004,2026-03-26,Teller,50,0,20,26,2,2,50,0,0,1,9.00388888888889,16.580833333333334,7.576944444444444,0.45231540297411416,0.5341784647040614,0
T005,2026-03-26,Teller,43,0,19,16,6,11,28,0,0,1,8.635,16.976666666666667,8.341666666666667,0.39983496051116285,0.5341784647040614,0
T006,2026-03-26,Teller,36,0,19,14,1,3,25,0,0,1,9.0775,17.14472222222222,8.067222222222222,0.4717187491669252,0.5341784647040614,0
T007,2026-03-26,Teller,38,0,17,14,5,11,28,0,0,1,8.981666666666667,16.7825,7.800833333333333,0.4093912629521556,0.5341784647040614,0
T008,2026-03-26,Teller,39,0,17,15,5,12,33,0,0,1,8.553333333333335,16.484166666666667,7.930833333333333,0.40808915104582716,0.5341784647040614,0
T009,2026-03-26,Teller,41,0,13,20,6,9,38,0,0,1,9.301111111111112,17.66638888888889,8.365277777777777,0.46022735512291024,0.5341784647040614,0
T010,2026-03-26,Teller,31,0,18,10,1,3,21,1,0,1,8.987222222222222,16.797222222222224,7.81,0.5577411218891963,0.5341784647040614,1
C001,2026-03-27,Customer Service,41,0,2,31,6,18,73,0,0,1,9.225833333333334,17.024166666666666,7.798333333333333,0.4367380259125906,0.5521464960734026,0
C002,2026-03-27,Customer Service,43,0,3,28,10,26,75,0,0,1,8.700555555555555,16.596944444444443,7.896388888888889,0.39584761698398235,0.5521464960734026,0
C003,2026-03-27,Customer Service,42,0,3,25,11,70,124,0,0,1,8.912222222222223,21.200555555555557,12.288333333333334,0.5996552242559131,0.5521464960734026,1
C004,2026-03-27,Customer Service,40,0,4,24,10,22,48,2,0,1,9.064444444444446,16.883888888888887,7.819444444444445,0.4513570649093705,0.5521464960734026,0
C005,2026-03-27,Customer Service,31,0,1,24,4,12,61,2,0,1,8.880277777777778,16.824166666666667,7.943888888888889,0.4748045009233668,0.5521464960734026,0
C006,2026-03-27,Customer Service,42,0,2,29,9,22,70,1,0,1,8.460555555555555,16.123055555555556,7.6625,0.41214731588762554,0.5521464960734026,0
C007,2026-03-27,Customer Service,39,1,5,25,6,12,66,1,0,1,9.009444444444444,17.063333333333333,8.053888888888888,0.39442762013891336,0.5521464960734026,0
C008,2026-03-27,Customer Service,38,0,3,25,8,22,67,1,0,1,8.750555555555556,17.149722222222223,8.399166666666666,0.39374460991485644,0.5521464960734026,0
C009,2026-03-27,Customer Service,43,0,4,30,7,18,81,1,0,1,8.096111111111112,15.877777777777778,7.781666666666666,0.4674737371541913,0.5521464960734026,0
C010,2026-03-27,Customer Service,43,0,6,31,4,11,61,1,0,1,8.36361111111111,16.26722222222222,7.903611111111111,0.46234665721846985,0.5521464960734026,0
M001,2026-03-27,Manager,34,0,3,17,12,47,55,0,0,1,8.002222222222223,17.084166666666665,9.081944444444444,0.44928504182697415,0.5379024781433652,0
M002,2026-03-27,Manager,22,0,3,8,9,40,24,1,0,1,8.180833333333332,16.517777777777777,8.336944444444445,0.4296161578425542,0.5379024781433652,0
M003,2026-03-27,Manager,19,0,2,8,7,44,28,1,0,1,8.692222222222222,17.298055555555557,8.605833333333333,0.44316610216573626,0.5379024781433652,0
M004,2026-03-27,Manager,23,0,2,8,11,61,27,0,0,1,8.51888888888889,17.295,8.776111111111112,0.40853081293251325,0.5379024781433652,0
M005,2026-03-27,Manager,35,0,6,11,16,76,28,1,0,1,8.540555555555555,16.55611111111111,8.015555555555556,0.44305475512351133,0.5379024781433652,0
M006,2026-03-27,Manager,24,0,0,13,9,36,31,0,0,1,8.433055555555555,17.484166666666667,9.051111111111112,0.46071904329852265,0.5379024781433652,0
M007,2026-03-27,Manager,23,0,1,12,8,28,33,0,0,1,8.803055555555556,16.596666666666664,7.793611111111111,0.4635754918707677,0.5379024781433652,0
M008,2026-03-27,Manager,35,0,2,13,18,174,32,2,0,1,8.002777777777778,17.052500000000002,9.049722222222222,0.5214658344660569,0.5379024781433652,0
M009,2026-03-27,Manager,28,0,3,14,9,49,40,1,0,1,8.860555555555555,17.09361111111111,8.233055555555556,0.40131825955962247,0.5379024781433652,0
M010,2026-03-27,Manager,39,0,5,17,15,64,45,2,0,1,8.430277777777777,17.03222222222222,8.601944444444445,0.44194309557106776,0.5379024781433652,0
T001,2026-03-27,Teller,42,0,21,12,7,16,24,0,0,1,8.931666666666667,16.726666666666667,7.795,0.467634753574951,0.5341784647040614,0
T002,2026-03-27,Teller,43,0,12,26,3,8,119,0,0,1,9.030277777777778,17.019166666666667,7.988888888888889,0.5001026305683653,0.5341784647040614,0
T003,2026-03-27,Teller,37,0,19,15,1,1,29,0,0,1,8.130555555555556,16.04888888888889,7.918333333333333,0.5032827672064469,0.5341784647040614,0
T004,2026-03-27,Teller,38,0,15,15,6,11,28,0,0,1,8.530000000000001,16.740555555555556,8.210555555555555,0.41922695670590204,0.5341784647040614,0
T005,2026-03-27,Teller,44,0,17,21,4,9,43,0,0,1,8.917777777777777,16.064444444444444,7.1466666666666665,0.4360841086138928,0.5341784647040614,0
T006,2026-03-27,Teller,41,0,22,13,4,11,26,0,0,1,8.676666666666666,16.541111111111114,7.864444444444445,0.41107566680487584,0.5341784647040614,0
T007,2026-03-27,Teller,44,0,22,17,3,8,37,1,0,1,8.651111111111112,16.947777777777777,8.296666666666667,0.42223539794601805,0.5341784647040614,0
T008,2026-03-27,Teller,40,0,16,15,7,13,29,0,0,1,9.192777777777778,17.72722222222222,8.534444444444444,0.47984629006809526,0.5341784647040614,0
T009,2026-03-27,Teller,45,0,20,17,5,32,97,0,0,1,8.464722222222221,21.516666666666666,13.051944444444445,0.6236136687852061,0.5341784647040614,1
T010,2026-03-27,Teller,39,0,19,15,3,7,25,1,0,1,8.674166666666666,16.81527777777778,8.141111111111112,0.4389348005156597,0.5341784647040614,0
