user_id,date,role,anomaly_score,threshold,ml_prediction,rule_after_hours,rule_large_export,rule_high_record_access,rules_triggered,rule_prediction,candidate,ml_status,rule_status,investigation_candidate
C001,2026-03-16,Customer Service,0.39460383753419187,0.5521464960734026,0,0,0,0,0,0,0,Normal,Normal,No
C001,2026-03-17,Customer Service,0.4315122661349881,0.5521464960734026,0,0,0,0,0,0,0,Normal,Normal,No
C001,2026-03-18,Customer Service,0.3819295331127485,0.5521464960734026,0,0,0,0,0,0,0,Normal,Normal,No
C001,2026-03-19,Customer Service,0.48809912931552973,0.5521464960734026,0,0,0,0,0,0,0,Normal,Normal,No
C001,2026-03-20,Customer Service,0.4585241405144405,0.5521464960734026,0,0,0,1,1,1,1,Normal,Anomaly,Yes
C001,2026-03-23,Customer Service,0.3864875843229459,0.5521464960734026,0,0,0,0,0,0,0,Normal,Normal,No
C001,2026-03-24,Customer Service,0.4606758677743682,0.5521464960734026,0,0,0,0,0,0,0,Normal,Normal,No
C001,2026-03-25,Customer Service,0.5256224035668584,0.5521464960734026,0,0,1,0,1,1,1,Normal,Anomaly,Yes
C001,2026-03-26,Customer Service,0.5084003277964778,0.5521464960734026,0,0,0,0,0,0,0,Normal,Normal,No
C001,2026-03-27,Customer Service,0.4367380259125906,0.5521464960734026,0,0,0,0,0,0,0,Normal,Normal,No
C002,2026-03-16,Customer Service,0.47786334911546907,0.5521464960734026,0,0,0,1,1,1,1,Normal,Anomaly,Yes
C002,2026-03-17,Customer Service,0.4531118407077401,0.5521464960734026,0,0,0,0,0,0,0,Normal,Normal,No
C002,2026-03-18,Customer Service,0.5812072092124958,0.5521464960734026,1,0,1,1,2,1,1,Anomaly,Anomaly,Yes
C002,2026-03-19,Customer Service,0.4357095398891439,0.5521464960734026,0,1,0,0,1,1,1,Normal,Anomaly,Yes
C002,2026-03-20,Customer Service,0.3848202319190733,0.5521464960734026,0,0,0,0,0,0,0,Normal,Normal,No
C002,2026-03-23,Customer Service,0.5135329820180677,0.5521464960734026,0,1,0,0,1,1,1,Normal,Anomaly,Yes
C002,2026-03-24,Customer Service,0.49244231140543904,0.5521464960734026,0,1,0,0,1,1,1,Normal,Anomaly,Yes
C002,2026-03-25,Customer Service,0.4346206478949177,0.5521464960734026,0,0,0,0,0,0,0,Normal,Normal,No
C002,2026-03-26,Customer Service,0.45629023400973673,0.5521464960734026,0,0,0,0,0,0,0,Normal,Normal,No
C002,2026-03-27,Customer Service,0.39584761698398235,0.5521464960734026,0,0,0,0,0,0,0,Normal,Normal,No
C003,2026-03-16,Customer Service,0.4667170833150039,0.5521464960734026,0,0,0,0,0,0,0,Normal,Normal,No
C003,2026-03-17,Customer Service,0.40541529037074836,0.5521464960734026,0,0,0,0,0,0,0,Normal,Normal,No
C003,2026-03-18,Customer Service,0.4362731678326296,0.5521464960734026,0,0,0,0,0,0,0,Normal,Normal,No
C003,2026-03-19,Customer Service,0.48464194697860347,0.5521464960734026,0,0,0,0,0,0,0,Normal,Normal,No
C003,2026-03-20,Customer Service,0.4403358811400129,0.5521464960734026,0,0,0,0,0,0,0,Normal,Normal,No
C003,2026-03-23,Customer Service,0.4882134026031598,0.5521464960734026,0,0,0,0,0,0,0,Normal,Normal,No
C003,2026-03-24,Customer Service,0.4970237268621246,0.5521464960734026,0,0,0,0,0,0,0,Normal,Normal,No
C003,2026-03-25,Customer Service,0.47920155553790716,0.5521464960734026,0,0,0,0,0,0,0,Normal,Normal,No
C003,2026-03-26,Customer Service,0.41336691618858445,0.5521464960734026,0,0,0,0,0,0,0,Normal,Normal,No
C003,2026-03-27,Customer Service,0.5892361871503315,0.5521464960734026,1,1,1,1,3,1,1,Anomaly,Anomaly,Yes
C004,2026-03-16,Customer Service,0.4948166864635973,0.5521464960734026,0,0,0,0,0,0,0,Normal,Normal,No
C004,2026-03-17,Customer Service,0.48504605421848457,0.5521464960734026,0,0,0,0,0,0,0,Normal,Normal,No
C004,2026-03-18,Customer Service,0.5157986007581904,0.5521464960734026,0,0,0,1,1,1,1,Normal,Anomaly,Yes
C004,2026-03-19,Customer Service,0.43924849871483457,0.5521464960734026,0,1,0,0,1,1,1,Normal,Anomaly,Yes
C004,2026-03-20,Customer Service,0.5066842059787385,0.5521464960734026,0,0,1,0,1,1,1,Normal,Anomaly,Yes
C004,2026-03-23,Customer Service,0.462401237096422,0.5521464960734026,0,0,0,0,0,0,0,Normal,Normal,No
C004,2026-03-24,Customer Service,0.4906120598854983,0.5521464960734026,0,0,0,0,0,0,0,Normal,Normal,No
C004,2026-03-25,Customer Service,0.42031912279077516,0.5521464960734026,0,0,0,0,0,0,0,Normal,Normal,No
C004,2026-03-26,Customer Service,0.4995470144994697,0.5521464960734026,0,0,0,0,0,0,0,Normal,Normal,No
C004,2026-03-27,Customer Service,0.4513570649093705,0.5521464960734026,0,0,0,0,0,0,0,Normal,Normal,No
C005,2026-03-16,Customer Service,0.6013144773083432,0.5521464960734026,1,0,1,0,1,1,1,Anomaly,Anomaly,Yes
C005,2026-03-17,Customer Service,0.40522236895093655,0.5521464960734026,0,0,0,0,0,0,0,Normal,Normal,No
C005,2026-03-18,Customer Service,0.5158615983511117,0.5521464960734026,0,0,1,0,1,1,1,Normal,Anomaly,Yes
C005,2026-03-19,Customer Service,0.43472896433133723,0.5521464960734026,0,0,0,0,0,0,0,Normal,Normal,No
C005,2026-03-20,Customer Service,0.39590704297654866,0.5521464960734026,0,0,0,0,0,0,0,Normal,Normal,No
C005,2026-03-23,Customer Service,0.45416404708036723,0.5521464960734026,0,0,0,0,0,0,0,Normal,Normal,No
C005,2026-03-24,Customer Service,0.4064060247692722,0.5521464960734026,0,0,0,0,0,0,0,Normal,Normal,No
C005,2026-03-25,Customer Service,0.3940033673645829,0.5521464960734026,0,0,0,0,0,0,0,Normal,Normal,No
C005,2026-03-26,Customer Service,0.4922792114251755,0.5521464960734026,0,0,0,1,1,1,1,Normal,Anomaly,Yes
C005,2026-03-27,Customer Service,0.4748045009233668,0.5521464960734026,0,0,0,0,0,0,0,Normal,Normal,No
C006,2026-03-16,Customer Service,0.6516573644879122,0.5521464960734026,1,1,1,1,3,1,1,Anomaly,Anomaly,Yes
C006,2026-03-17,Customer Service,0.3893744478293875,0.5521464960734026,0,0,0,0,0,0,0,Normal,Normal,No
C006,2026-03-18,Customer Service,0.38853192422688076,0.5521464960734026,0,0,0,0,0,0,0,Normal,Normal,No
C006,2026-03-19,Customer Service,0.5126074073020005,0.5521464960734026,0,0,0,0,0,0,0,Normal,Normal,No
C006,2026-03-20,Customer Service,0.416023234409654,0.5521464960734026,0,0,0,0,0,0,0,Normal,Normal,No
C006,2026-03-23,Customer Service,0.392470912792112,0.5521464960734026,0,0,0,0,0,0,0,Normal,Normal,No
C006,2026-03-24,Customer Service,0.3881863187861857,0.5521464960734026,0,0,0,0,0,0,0,Normal,Normal,No
C006,2026-03-25,Customer Service,0.4416821455832893,0.5521464960734026,0,0,0,0,0,0,0,Normal,Normal,No
C006,2026-03-26,Customer Service,0.5357524642802722,0.5521464960734026,0,0,0,0,0,0,0,Normal,Normal,No
C006,2026-03-27,Customer Service,0.41214731588762554,0.5521464960734026,0,0,0,0,0,0,0,Normal,Normal,No
C007,2026-03-16,Customer Service,0.4503163485661549,0.5521464960734026,0,0,1,0,1,1,1,Normal,Anomaly,Yes
C007,2026-03-17,Customer Service,0.4868364424308673,0.5521464960734026,0,0,0,0,0,0,0,Normal,Normal,No
C007,2026-03-18,Customer Service,0.4825944602302227,0.5521464960734026,0,0,0,0,0,0,0,Normal,Normal,No
C007,2026-03-19,Customer Service,0.6630570963415781,0.5521464960734026,1,1,1,1,3,1,1,Anomaly,Anomaly,Yes
C007,2026-03-20,Customer Service,0.4773527039701564,0.5521464960734026,0,0,0,0,0,0,0,Normal,Normal,No
C007,2026-03-23,Customer Service,0.4721189821700042,0.5521464960734026,0,0,0,0,0,0,0,Normal,Normal,No
C007,2026-03-24,Customer Service,0.48476186048131775,0.5521464960734026,0,1,0,0,1,1,1,Normal,Anomaly,Yes
C007,2026-03-25,Customer Service,0.4222232704510885,0.5521464960734026,0,0,0,0,0,0,0,Normal,Normal,No
C007,2026-03-26,Customer Service,0.590112284392153,0.5521464960734026,1,0,1,0,1,1,1,Anomaly,Anomaly,Yes
C007,2026-03-27,Customer Service,0.39442762013891336,0.5521464960734026,0,0,0,0,0,0,0,Normal,Normal,No
C008,2026-03-16,Customer Service,0.4071838672175041,0.5521464960734026,0,0,0,0,0,0,0,Normal,Normal,No
C008,2026-03-17,Customer Service,0.39916694130014063,0.5521464960734026,0,0,0,0,0,0,0,Normal,Normal,No
C008,2026-03-18,Customer Service,0.38415893172275306,0.5521464960734026,0,0,0,0,0,0,0,Normal,Normal,No
C008,2026-03-19,Customer Service,0.436238147666345,0.5521464960734026,0,0,0,0,0,0,0,Normal,Normal,No
C008,2026-03-20,Customer Service,0.4045323994903529,0.5521464960734026,0,0,0,0,0,0,0,Normal,Normal,No
C008,2026-03-23,Customer Service,0.4814682055472751,0.5521464960734026,0,0,1,0,1,1,1,Normal,Anomaly,Yes
C008,2026-03-24,Customer Service,0.44035121867647925,0.5521464960734026,0,0,0,0,0,0,0,Normal,Normal,No
C008,2026-03-25,Customer Service,0.46875415486845917,0.5521464960734026,0,0,1,0,1,1,1,Normal,Anomaly,Yes
C008,2026-03-26,Customer Service,0.5257348869404315,0.5521464960734026,0,0,0,0,0,0,0,Normal,Normal,No
C008,2026-03-27,Customer Service,0.39374460991485644,0.5521464960734026,0,0,0,0,0,0,0,Normal,Normal,No
C009,2026-03-16,Customer Service,0.5262871392739479,0.5521464960734026,0,0,1,0,1,1,1,Normal,Anomaly,Yes
C009,2026-03-17,Customer Service,0.6196825100762939,0.5521464960734026,1,1,1,1,3,1,1,Anomaly,Anomaly,Yes
C009,2026-03-18,Customer Service,0.4295112700005362,0.5521464960734026,0,0,0,0,0,0,0,Normal,Normal,No
C009,2026-03-19,Customer Service,0.44942360585532254,0.5521464960734026,0,0,0,0,0,0,0,Normal,Normal,No
C009,2026-03-20,Customer Service,0.4788086626456117,0.5521464960734026,0,0,0,0,0,0,0,Normal,Normal,No
C009,2026-03-23,Customer Service,0.4455511939930457,0.5521464960734026,0,1,0,0,1,1,1,Normal,Anomaly,Yes
C009,2026-03-24,Customer Service,0.5143105624856105,0.5521464960734026,0,0,0,0,0,0,0,Normal,Normal,No
C009,2026-03-25,Customer Service,0.43762820460601365,0.5521464960734026,0,0,0,0,0,0,0,Normal,Normal,No
C009,2026-03-26,Customer Service,0.4159328535285822,0.5521464960734026,0,0,0,0,0,0,0,Normal,Normal,No
C009,2026-03-27,Customer Service,0.4674737371541913,0.5521464960734026,0,0,0,0,0,0,0,Normal,Normal,No
C010,2026-03-16,Customer Service,0.4651293664333614,0.5521464960734026,0,0,0,1,1,1,1,Normal,Anomaly,Yes
C010,2026-03-17,Customer Service,0.4162427045511201,0.5521464960734026,0,0,0,0,0,0,0,Normal,Normal,No
C010,2026-03-18,Customer Service,0.4118459518881482,0.5521464960734026,0,0,0,0,0,0,0,Normal,Normal,No
C010,2026-03-19,Customer Service,0.40417423235690647,0.5521464960734026,0,0,0,0,0,0,0,Normal,Normal,No
C010,2026-03-20,Customer Service,0.5248998951321777,0.5521464960734026,0,0,0,0,0,0,0,Normal,Normal,No
C010,2026-03-23,Customer Service,0.5018709691172919,0.5521464960734026,0,0,0,0,0,0,0,Normal,Normal,No
C010,2026-03-24,Customer Service,0.38263938948961,0.5521464960734026,0,0,0,0,0,0,0,Normal,Normal,No
C010,2026-03-25,Customer Service,0.4702642810701426,0.5521464960734026,0,1,0,0,1,1,1,Normal,Anomaly,Yes
C010,2026-03-26,Customer Service,0.4108922407706191,0.5521464960734026,0,0,0,0,0,0,0,Normal,Normal,No
C010,2026-03-27,Customer Service,0.46234665721846985,0.5521464960734026,0,0,0,0,0,0,0,Normal,Normal,No
M001,2026-03-16,Manager,0.4838730232385491,0.5379024781433652,0,0,0,0,0,0,0,Normal,Normal,No
M001,2026-03-17,Manager,0.41827420335088983,0.5379024781433652,0,0,0,0,0,0,0,Normal,Normal,No
M001,2026-03-18,Manager,0.473089210394874,0.5379024781433652,0,0,0,0,0,0,0,Normal,Normal,No
M001,2026-03-19,Manager,0.4453766862002342,0.5379024781433652,0,0,0,0,0,0,0,Normal,Normal,No
M001,2026-03-20,Manager,0.46659640567686356,0.5379024781433652,0,0,1,0,1,1,1,Normal,Anomaly,Yes
M001,2026-03-23,Manager,0.5434304082831661,0.5379024781433652,1,0,0,1,1,1,1,Anomaly,Anomaly,Yes
M001,2026-03-24,Manager,0.39803445713260277,0.5379024781433652,0,0,0,0,0,0,0,Normal,Normal,No
M001,2026-03-25,Manager,0.4006041083035365,0.5379024781433652,0,0,0,0,0,0,0,Normal,Normal,No
M001,2026-03-26,Manager,0.43267180038165876,0.5379024781433652,0,0,0,0,0,0,0,Normal,Normal,No
M001,2026-03-27,Manager,0.44928504182697415,0.5379024781433652,0,0,0,0,0,0,0,Normal,Normal,No
M002,2026-03-16,Manager,0.3953062798290618,0.5379024781433652,0,0,0,0,0,0,0,Normal,Normal,No
M002,2026-03-17,Manager,0.41943522994352855,0.5379024781433652,0,0,0,0,0,0,0,Normal,Normal,No
M002,2026-03-18,Manager,0.38958142828900466,0.5379024781433652,0,0,0,0,0,0,0,Normal,Normal,No
M002,2026-03-19,Manager,0.4283759818192684,0.5379024781433652,0,0,0,0,0,0,0,Normal,Normal,No
M002,2026-03-20,Manager,0.6200646013495312,0.5379024781433652,1,1,1,1,3,1,1,Anomaly,Anomaly,Yes
M002,2026-03-23,Manager,0.42088301143725354,0.5379024781433652,0,0,0,0,0,0,0,Normal,Normal,No
M002,2026-03-24,Manager,0.5031667745091348,0.5379024781433652,0,0,0,0,0,0,0,Normal,Normal,No
M002,2026-03-25,Manager,0.4665049005426558,0.5379024781433652,0,0,0,0,0,0,0,Normal,Normal,No
M002,2026-03-26,Manager,0.5249243888576516,0.5379024781433652,0,0,0,1,1,1,1,Normal,Anomaly,Yes
M002,2026-03-27,Manager,0.4296161578425542,0.5379024781433652,0,0,0,0,0,0,0,Normal,Normal,No
M003,2026-03-16,Manager,0.46380243698957224,0.5379024781433652,0,0,0,0,0,0,0,Normal,Normal,No
M003,2026-03-17,Manager,0.47524396032617294,0.5379024781433652,0,0,0,0,0,0,0,Normal,Normal,No
M003,2026-03-18,Manager,0.44006607394620606,0.5379024781433652,0,0,0,0,0,0,0,Normal,Normal,No
M003,2026-03-19,Manager,0.4206031596415681,0.5379024781433652,0,0,0,0,0,0,0,Normal,Normal,No
M003,2026-03-20,Manager,0.4685019519694125,0.5379024781433652,0,0,0,0,0,0,0,Normal,Normal,No
M003,2026-03-23,Manager,0.5495334859365792,0.5379024781433652,1,0,1,0,1,1,1,Anomaly,Anomaly,Yes
M003,2026-03-24,Manager,0.4836653907166688,0.5379024781433652,0,0,0,1,1,1,1,Normal,Anomaly,Yes
M003,2026-03-25,Manager,0.4674767347055114,0.5379024781433652,0,0,0,0,0,0,0,Normal,Normal,No
M003,2026-03-26,Manager,0.4297670047094391,0.5379024781433652,0,0,0,0,0,0,0,Normal,Normal,No
M003,2026-03-27,Manager,0.44316610216573626,0.5379024781433652,0,0,0,0,0,0,0,Normal,Normal,No
M004,2026-03-16,Manager,0.5771273908932699,0.5379024781433652,1,1,0,0,1,1,1,Anomaly,Anomaly,Yes
M004,2026-03-17,Manager,0.46630604632970124,0.5379024781433652,0,0,0,0,0,0,0,Normal,Normal,No
M004,2026-03-18,Manager,0.4252413026479318,0.5379024781433652,0,0,0,0,0,0,0,Normal,Normal,No
M004,2026-03-19,Manager,0.4398395185159142,0.5379024781433652,0,0,0,0,0,0,0,Normal,Normal,No
M004,2026-03-20,Manager,0.41563101508905836,0.5379024781433652,0,0,0,0,0,0,0,Normal,Normal,No
M004,2026-03-23,Manager,0.4427647758165996,0.5379024781433652,0,0,0,0,0,0,0,Normal,Normal,No
M004,2026-03-24,Manager,0.43833724092654147,0.5379024781433652,0,0,0,0,0,0,0,Normal,Normal,No
M004,2026-03-25,Manager,0.4942601215382767,0.5379024781433652,0,0,0,1,1,1,1,Normal,Anomaly,Yes
M004,2026-03-26,Manager,0.5333429960374872,0.5379024781433652,0,0,1,0,1,1,1,Normal,Anomaly,Yes
M004,2026-03-27,Manager,0.40853081293251325,0.5379024781433652,0,0,0,0,0,0,0,Normal,Normal,No
M005,2026-03-16,Manager,0.5117481913811573,0.5379024781433652,0,0,0,1,1,1,1,Normal,Anomaly,Yes
M005,2026-03-17,Manager,0.413049974101814,0.5379024781433652,0,0,0,0,0,0,0,Normal,Normal,No
M005,2026-03-18,Manager,0.3996487421160295,0.5379024781433652,0,0,0,0,0,0,0,Normal,Normal,No
M005,2026-03-19,Manager,0.48613407336977643,0.5379024781433652,0,0,0,0,0,0,0,Normal,Normal,No
M005,2026-03-20,Manager,0.5366137532505498,0.5379024781433652,0,0,0,0,0,0,0,Normal,Normal,No
M005,2026-03-23,Manager,0.4374349599620368,0.5379024781433652,0,0,0,0,0,0,0,Normal,Normal,No
M005,2026-03-24,Manager,0.4460118344707777,0.5379024781433652,0,0,0,0,0,0,0,Normal,Normal,No
M005,2026-03-25,Manager,0.483284163608343,0.5379024781433652,0,0,0,1,1,1,1,Normal,Anomaly,Yes
M005,2026-03-26,Manager,0.5004171916249298,0.5379024781433652,0,0,0,0,0,0,0,Normal,Normal,No
M005,2026-03-27,Manager,0.44305475512351133,0.5379024781433652,0,0,0,0,0,0,0,Normal,Normal,No
M006,2026-03-16,Manager,0.42480181924344307,0.5379024781433652,0,0,0,0,0,0,0,Normal,Normal,No
M006,2026-03-17,Manager,0.5207595625224736,0.5379024781433652,0,0,0,1,1,1,1,Normal,Anomaly,Yes
M006,2026-03-18,Manager,0.4021513525762326,0.5379024781433652,0,0,0,0,0,0,0,Normal,Normal,No
M006,2026-03-19,Manager,0.42205205354288633,0.5379024781433652,0,0,0,0,0,0,0,Normal,Normal,No
M006,2026-03-20,Manager,0.46417029476589666,0.5379024781433652,0,0,0,0,0,0,0,Normal,Normal,No
M006,2026-03-23,Manager,0.4041101363279765,0.5379024781433652,0,0,0,0,0,0,0,Normal,Normal,No
M006,2026-03-24,Manager,0.3942188658622964,0.5379024781433652,0,0,0,0,0,0,0,Normal,Normal,No
M006,2026-03-25,Manager,0.4478964399309869,0.5379024781433652,0,0,0,0,0,0,0,Normal,Normal,No
M006,2026-03-26,Manager,0.41559928316324346,0.5379024781433652,0,0,0,0,0,0,0,Normal,Normal,No
M006,2026-03-27,Manager,0.46071904329852265,0.5379024781433652,0,0,0,0,0,0,0,Normal,Normal,No
M007,2026-03-16,Manager,0.4173971064113882,0.5379024781433652,0,0,0,0,0,0,0,Normal,Normal,No
M007,2026-03-17,Manager,0.46265009083618697,0.5379024781433652,0,0,0,1,1,1,1,Normal,Anomaly,Yes
M007,2026-03-18,Manager,0.5197250993813426,0.5379024781433652,0,1,0,0,1,1,1,Normal,Anomaly,Yes
M007,2026-03-19,Manager,0.5021320120960977,0.5379024781433652,0,0,0,0,0,0,0,Normal,Normal,No
M007,2026-03-20,Manager,0.44203712997964517,0.5379024781433652,0,0,0,0,0,0,0,Normal,Normal,No
M007,2026-03-23,Manager,0.4644503802122206,0.5379024781433652,0,0,0,0,0,0,0,Normal,Normal,No
M007,2026-03-24,Manager,0.6223837547187389,0.5379024781433652,1,1,1,1,3,1,1,Anomaly,Anomaly,Yes
M007,2026-03-25,Manager,0.5914419802595505,0.5379024781433652,1,1,1,1,3,1,1,Anomaly,Anomaly,Yes
M007,2026-03-26,Manager,0.6052817731623573,0.5379024781433652,1,1,1,1,3,1,1,Anomaly,Anomaly,Yes
M007,2026-03-27,Manager,0.4635754918707677,0.5379024781433652,0,0,0,0,0,0,0,Normal,Normal,No
M008,2026-03-16,Manager,0.4542003446371454,0.5379024781433652,0,0,0,0,0,0,0,Normal,Normal,No
M008,2026-03-17,Manager,0.41123448033186705,0.5379024781433652,0,0,0,0,0,0,0,Normal,Normal,No
M008,2026-03-18,Manager,0.39459623457044773,0.5379024781433652,0,0,0,0,0,0,0,Normal,Normal,No
M008,2026-03-19,Manager,0.5388708533314897,0.5379024781433652,1,1,0,0,1,1,1,Anomaly,Anomaly,Yes
M008,2026-03-20,Manager,0.3984574132818542,0.5379024781433652,0,0,0,0,0,0,0,Normal,Normal,No
M008,2026-03-23,Manager,0.4225796462358447,0.5379024781433652,0,0,0,0,0,0,0,Normal,Normal,No
M008,2026-03-24,Manager,0.39350495043108324,0.5379024781433652,0,0,0,0,0,0,0,Normal,Normal,No
M008,2026-03-25,Manager,0.5384349793066496,0.5379024781433652,1,0,1,0,1,1,1,Anomaly,Anomaly,Yes
M008,2026-03-26,Manager,0.42676080349696105,0.5379024781433652,0,0,0,0,0,0,0,Normal,Normal,No
M008,2026-03-27,Manager,0.5214658344660569,0.5379024781433652,0,0,1,0,1,1,1,Normal,Anomaly,Yes
M009,2026-03-16,Manager,0.4614156793123674,0.5379024781433652,0,0,0,0,0,0,0,Normal,Normal,No
M009,2026-03-17,Manager,0.42188055837302124,0.5379024781433652,0,0,0,0,0,0,0,Normal,Normal,No
M009,2026-03-18,Manager,0.4281641141233435,0.5379024781433652,0,0,0,0,0,0,0,Normal,Normal,No
M009,2026-03-19,Manager,0.48267564474889335,0.5379024781433652,0,0,0,0,0,0,0,Normal,Normal,No
M009,2026-03-20,Manager,0.40296870731123857,0.5379024781433652,0,0,0,0,0,0,0,Normal,Normal,No
M009,2026-03-23,Manager,0.44347714876726413,0.5379024781433652,0,0,0,0,0,0,0,Normal,Normal,No
M009,2026-03-24,Manager,0.4459866091744377,0.5379024781433652,0,0,0,1,1,1,1,Normal,Anomaly,Yes
M009,2026-03-25,Manager,0.5301724306780996,0.5379024781433652,0,0,1,0,1,1,1,Normal,Anomaly,Yes
M009,2026-03-26,Manager,0.5126284210680526,0.5379024781433652,0,0,0,1,1,1,1,Normal,Anomaly,Yes
M009,2026-03-27,Manager,0.40131825955962247,0.5379024781433652,0,0,0,0,0,0,0,Normal,Normal,No
M010,2026-03-16,Manager,0.41380704776849975,0.5379024781433652,0,0,0,0,0,0,0,Normal,Normal,No
M010,2026-03-17,Manager,0.4056273102418775,0.5379024781433652,0,0,0,0,0,0,0,Normal,Normal,No
M010,2026-03-18,Manager,0.4559940378473685,0.5379024781433652,0,0,0,0,0,0,0,Normal,Normal,No
M010,2026-03-19,Manager,0.5206240829949403,0.5379024781433652,0,0,0,1,1,1,1,Normal,Anomaly,Yes
M010,2026-03-20,Manager,0.4502213853632088,0.5379024781433652,0,0,0,0,0,0,0,Normal,Normal,No
M010,2026-03-23,Manager,0.48916046705571437,0.5379024781433652,0,0,0,0,0,0,0,Normal,Normal,No
M010,2026-03-24,Manager,0.4134964829134782,0.5379024781433652,0,0,0,0,0,0,0,Normal,Normal,No
M010,2026-03-25,Manager,0.502874043051707,0.5379024781433652,0,0,1,0,1,1,1,Normal,Anomaly,Yes
M010,2026-03-26,Manager,0.4228647382708453,0.5379024781433652,0,0,0,0,0,0,0,Normal,Normal,No
M010,2026-03-27,Manager,0.44194309557106776,0.5379024781433652,0,0,0,0,0,0,0,Normal,Normal,No
T001,2026-03-16,Teller,0.44862962300549813,0.5341784647040614,0,0,0,0,0,0,0,Normal,Normal,No
T001,2026-03-17,Teller,0.3984278985216759,0.5341784647040614,0,0,0,0,0,0,0,Normal,Normal,No
T001,2026-03-18,Teller,0.39263113654382203,0.5341784647040614,0,0,0,0,0,0,0,Normal,Normal,No
T001,2026-03-19,Teller,0.3994192617385459,0.5341784647040614,0,0,0,0,0,0,0,Normal,Normal,No
T001,2026-03-20,Teller,0.4544663874212946,0.5341784647040614,0,0,0,0,0,0,0,Normal,Normal,No
T001,2026-03-23,Teller,0.4507455993127775,0.5341784647040614,0,0,0,0,0,0,0,Normal,Normal,No
T001,2026-03-24,Teller,0.385688893717309,0.5341784647040614,0,0,0,0,0,0,0,Normal,Normal,No
T001,2026-03-25,Teller,0.4773046313664198,0.5341784647040614,0,0,0,0,0,0,0,Normal,Normal,No
T001,2026-03-26,Teller,0.4689785580360902,0.5341784647040614,0,1,0,0,1,1,1,Normal,Anomaly,Yes
T001,2026-03-27,Teller,0.467634753574951,0.5341784647040614,0,0,0,0,0,0,0,Normal,Normal,No
T002,2026-03-16,Teller,0.47618255394568404,0.5341784647040614,0,0,0,0,0,0,0,Normal,Normal,No
T002,2026-03-17,Teller,0.4938937222481872,0.5341784647040614,0,0,0,0,0,0,0,Normal,Normal,No
T002,2026-03-18,Teller,0.4586970124434575,0.5341784647040614,0,0,0,0,0,0,0,Normal,Normal,No
T002,2026-03-19,Teller,0.4114234188995895,0.5341784647040614,0,1,0,0,1,1,1,Normal,Anomaly,Yes
T002,2026-03-20,Teller,0.36877048112794936,0.5341784647040614,0,0,0,0,0,0,0,Normal,Normal,No
T002,2026-03-23,Teller,0.4654003786181931,0.5341784647040614,0,0,0,0,0,0,0,Normal,Normal,No
T002,2026-03-24,Teller,0.3763112828319015,0.5341784647040614,0,0,0,0,0,0,0,Normal,Normal,No
T002,2026-03-25,Teller,0.41853984811730766,0.5341784647040614,0,0,0,0,0,0,0,Normal,Normal,No
T002,2026-03-26,Teller,0.5237894796903292,0.5341784647040614,0,0,1,0,1,1,1,Normal,Anomaly,Yes
T002,2026-03-27,Teller,0.5001026305683653,0.5341784647040614,0,0,0,1,1,1,1,Normal,Anomaly,Yes
T003,2026-03-16,Teller,0.48881584920710175,0.5341784647040614,0,0,0,0,0,0,0,Normal,Normal,No
T003,2026-03-17,Teller,0.4931044170156448,0.5341784647040614,0,0,0,0,0,0,0,Normal,Normal,No
T003,2026-03-18,Teller,0.4697345533091723,0.5341784647040614,0,0,0,1,1,1,1,Normal,Anomaly,Yes
T003,2026-03-19,Teller,0.4119660856677837,0.5341784647040614,0,0,0,0,0,0,0,Normal,Normal,No
T003,2026-03-20,Teller,0.44628002463911126,0.5341784647040614,0,0,0,0,0,0,0,Normal,Normal,No
T003,2026-03-23,Teller,0.44056717599711487,0.5341784647040614,0,0,0,0,0,0,0,Normal,Normal,No
T003,2026-03-24,Teller,0.40321442034403604,0.5341784647040614,0,0,0,0,0,0,0,Normal,Normal,No
T003,2026-03-25,Teller,0.37579237632885787,0.5341784647040614,0,0,0,0,0,0,0,Normal,Normal,No
T003,2026-03-26,Teller,0.4721727476773129,0.5341784647040614,0,0,0,0,0,0,0,Normal,Normal,No
T003,2026-03-27,Teller,0.5032827672064469,0.5341784647040614,0,0,0,0,0,0,0,Normal,Normal,No
T004,2026-03-16,Teller,0.3962294305576013,0.5341784647040614,0,0,0,0,0,0,0,Normal,Normal,No
T004,2026-03-17,Teller,0.4556648362799338,0.5341784647040614,0,0,0,0,0,0,0,Normal,Normal,No
T004,2026-03-18,Teller,0.519529310471067,0.5341784647040614,0,0,0,0,0,0,0,Normal,Normal,No
T004,2026-03-19,Teller,0.5076366739632588,0.5341784647040614,0,0,0,0,0,0,0,Normal,Normal,No
T004,2026-03-20,Teller,0.6324260144301695,0.5341784647040614,1,1,1,1,3,1,1,Anomaly,Anomaly,Yes
T004,2026-03-23,Teller,0.4985464620273447,0.5341784647040614,0,0,0,0,0,0,0,Normal,Normal,No
T004,2026-03-24,Teller,0.47912000066067917,0.5341784647040614,0,0,0,0,0,0,0,Normal,Normal,No
T004,2026-03-25,Teller,0.457343484964391,0.5341784647040614,0,0,0,1,1,1,1,Normal,Anomaly,Yes
T004,2026-03-26,Teller,0.45231540297411416,0.5341784647040614,0,0,0,0,0,0,0,Normal,Normal,No
T004,2026-03-27,Teller,0.41922695670590204,0.5341784647040614,0,0,0,0,0,0,0,Normal,Normal,No
T005,2026-03-16,Teller,0.5241732969741082,0.5341784647040614,0,0,1,1,2,1,1,Normal,Anomaly,Yes
T005,2026-03-17,Teller,0.4612740034970859,0.5341784647040614,0,0,0,1,1,1,1,Normal,Anomaly,Yes
T005,2026-03-18,Teller,0.4863579900378879,0.5341784647040614,0,0,0,0,0,0,0,Normal,Normal,No
T005,2026-03-19,Teller,0.4404818361891706,0.5341784647040614,0,0,0,0,0,0,0,Normal,Normal,No
T005,2026-03-20,Teller,0.452060367990692,0.5341784647040614,0,0,0,0,0,0,0,Normal,Normal,No
T005,2026-03-23,Teller,0.5515582673685558,0.5341784647040614,1,0,0,0,0,0,1,Anomaly,Normal,Yes
T005,2026-03-24,Teller,0.49360268241058314,0.5341784647040614,0,0,0,0,0,0,0,Normal,Normal,No
T005,2026-03-25,Teller,0.3930576519984819,0.5341784647040614,0,0,0,0,0,0,0,Normal,Normal,No
T005,2026-03-26,Teller,0.39983496051116285,0.5341784647040614,0,0,0,0,0,0,0,Normal,Normal,No
T005,2026-03-27,Teller,0.4360841086138928,0.5341784647040614,0,0,0,0,0,0,0,Normal,Normal,No
T006,2026-03-16,Teller,0.4342549866907872,0.5341784647040614,0,0,0,0,0,0,0,Normal,Normal,No
T006,2026-03-17,Teller,0.43136914448351216,0.5341784647040614,0,0,0,0,0,0,0,Normal,Normal,No
T006,2026-03-18,Teller,0.6151120224851427,0.5341784647040614,1,1,1,1,3,1,1,Anomaly,Anomaly,Yes
T006,2026-03-19,Teller,0.4294435484798941,0.5341784647040614,0,0,0,0,0,0,0,Normal,Normal,No
T006,2026-03-20,Teller,0.5324926993744739,0.5341784647040614,0,0,0,0,0,0,0,Normal,Normal,No
T006,2026-03-23,Teller,0.3924987938704921,0.5341784647040614,0,0,0,0,0,0,0,Normal,Normal,No
T006,2026-03-24,Teller,0.6154855029934234,0.5341784647040614,1,1,1,1,3,1,1,Anomaly,Anomaly,Yes
T006,2026-03-25,Teller,0.44704394426721766,0.5341784647040614,0,0,0,0,0,0,0,Normal,Normal,No
T006,2026-03-26,Teller,0.4717187491669252,0.5341784647040614,0,0,0,0,0,0,0,Normal,Normal,No
T006,2026-03-27,Teller,0.41107566680487584,0.5341784647040614,0,0,0,0,0,0,0,Normal,Normal,No
T007,2026-03-16,Teller,0.451710518872683,0.5341784647040614,0,0,0,0,0,0,0,Normal,Normal,No
T007,2026-03-17,Teller,0.5410696807608922,0.5341784647040614,1,0,0,0,0,0,1,Anomaly,Normal,Yes
T007,2026-03-18,Teller,0.4114887315742834,0.5341784647040614,0,0,0,0,0,0,0,Normal,Normal,No
T007,2026-03-19,Teller,0.4663874110241511,0.5341784647040614,0,0,0,0,0,0,0,Normal,Normal,No
T007,2026-03-20,Teller,0.5397311925062174,0.5341784647040614,1,0,0,0,0,0,1,Anomaly,Normal,Yes
T007,2026-03-23,Teller,0.38441956849900405,0.5341784647040614,0,0,0,0,0,0,0,Normal,Normal,No
T007,2026-03-24,Teller,0.5293701424410103,0.5341784647040614,0,0,1,0,1,1,1,Normal,Anomaly,Yes
T007,2026-03-25,Teller,0.41395155656409155,0.5341784647040614,0,0,0,0,0,0,0,Normal,Normal,No
T007,2026-03-26,Teller,0.4093912629521556,0.5341784647040614,0,0,0,0,0,0,0,Normal,Normal,No
T007,2026-03-27,Teller,0.42223539794601805,0.5341784647040614,0,0,0,0,0,0,0,Normal,Normal,No
T008,2026-03-16,Teller,0.4135041834098962,0.5341784647040614,0,0,0,0,0,0,0,Normal,Normal,No
T008,2026-03-17,Teller,0.45505546671654684,0.5341784647040614,0,0,0,0,0,0,0,Normal,Normal,No
T008,2026-03-18,Teller,0.4177380156556459,0.5341784647040614,0,0,0,0,0,0,0,Normal,Normal,No
T008,2026-03-19,Teller,0.5664463461311335,0.5341784647040614,1,1,0,0,1,1,1,Anomaly,Anomaly,Yes
T008,2026-03-20,Teller,0.4270485267988218,0.5341784647040614,0,0,0,0,0,0,0,Normal,Normal,No
T008,2026-03-23,Teller,0.5244399611412179,0.5341784647040614,0,0,1,0,1,1,1,Normal,Anomaly,Yes
T008,2026-03-24,Teller,0.39618879105335114,0.5341784647040614,0,0,0,0,0,0,0,Normal,Normal,No
T008,2026-03-25,Teller,0.5206493595864083,0.5341784647040614,0,0,0,0,0,0,0,Normal,Normal,No
T008,2026-03-26,Teller,0.40808915104582716,0.5341784647040614,0,0,0,0,0,0,0,Normal,Normal,No
T008,2026-03-27,Teller,0.47984629006809526,0.5341784647040614,0,1,0,0,1,1,1,Normal,Anomaly,Yes
T009,2026-03-16,Teller,0.5117308201713706,0.5341784647040614,0,0,0,0,0,0,0,Normal,Normal,No
T009,2026-03-17,Teller,0.5553799559071694,0.5341784647040614,1,0,1,0,1,1,1,Anomaly,Anomaly,Yes
T009,2026-03-18,Teller,0.5094972340954821,0.5341784647040614,0,0,1,0,1,1,1,Normal,Anomaly,Yes
T009,2026-03-19,Teller,0.43683093076798885,0.5341784647040614,0,0,0,0,0,0,0,Normal,Normal,No
T009,2026-03-20,Teller,0.42067347609330075,0.5341784647040614,0,0,0,0,0,0,0,Normal,Normal,No
T009,2026-03-23,Teller,0.47161783711025307,0.5341784647040614,0,0,0,0,0,0,0,Normal,Normal,No
T009,2026-03-24,Teller,0.5186002937173392,0.5341784647040614,0,0,0,0,0,0,0,Normal,Normal,No
T009,2026-03-25,Teller,0.427848694041854,0.5341784647040614,0,0,0,0,0,0,0,Normal,Normal,No
T009,2026-03-26,Teller,0.46022735512291024,0.5341784647040614,0,1,0,0,1,1,1,Normal,Anomaly,Yes
T009,2026-03-27,Teller,0.6081336492100662,0.5341784647040614,1,1,1,1,3,1,1,Anomaly,Anomaly,Yes
T010,2026-03-16,Teller,0.4323244484240372,0.5341784647040614,0,0,0,0,0,0,0,Normal,Normal,No
T010,2026-03-17,Teller,0.38130424264884216,0.5341784647040614,0,0,0,0,0,0,0,Normal,Normal,No
T010,2026-03-18,Teller,0.45395263629611793,0.5341784647040614,0,0,0,0,0,0,0,Normal,Normal,No
T010,2026-03-19,Teller,0.4980789998911601,0.5341784647040614,0,0,0,0,0,0,0,Normal,Normal,No
T010,2026-03-20,Teller,0.40062205838615267,0.5341784647040614,0,0,0,0,0,0,0,Normal,Normal,No
T010,2026-03-23,Teller,0.49225863919422613,0.5341784647040614,0,0,0,0,0,0,0,Normal,Normal,No
T010,2026-03-24,Teller,0.48214819184324464,0.5341784647040614,0,0,1,0,1,1,1,Normal,Anomaly,Yes
T010,2026-03-25,Teller,0.538922376108581,0.5341784647040614,1,0,0,1,1,1,1,Anomaly,Anomaly,Yes
T010,2026-03-26,Teller,0.5577411218891963,0.5341784647040614,1,0,0,0,0,0,1,Anomaly,Normal,Yes
T010,2026-03-27,Teller,0.4389348005156597,0.5341784647040614,0,0,0,0,0,0,0,Normal,Normal,No
