experiment,experiment_difficulty,case_id,user_id,date,role,scenario,error_type,anomaly_score,threshold,score_margin
experiment_1,obvious,CASE003,C007,2026-03-16,Customer Service,unusual_export,FN,0.4503163485661549,0.5521464960734026,-0.10183014750724773
experiment_1,obvious,CASE007,C001,2026-03-20,Customer Service,unusual_record_access,FN,0.4585241405144405,0.5521464960734026,-0.09362235555896209
experiment_1,obvious,CASE009,C008,2026-03-25,Customer Service,unusual_export,FN,0.4687541548684591,0.5521464960734026,-0.08339234120494349
experiment_1,obvious,CASE001,C002,2026-03-16,Customer Service,unusual_record_access,FN,0.477863349115469,0.5521464960734026,-0.07428314695793359
experiment_1,obvious,CASE008,C008,2026-03-23,Customer Service,unusual_export,FN,0.4814682055472751,0.5521464960734026,-0.07067829052612751
experiment_1,obvious,CASE013,M003,2026-03-24,Manager,unusual_record_access,FN,0.4836653907166688,0.5379024781433652,-0.05423708742669642
experiment_1,obvious,CASE015,M004,2026-03-25,Manager,unusual_record_access,FN,0.4942601215382767,0.5379024781433652,-0.04364235660508853
experiment_1,obvious,CASE019,M009,2026-03-26,Manager,unusual_record_access,FN,0.5126284210680526,0.5379024781433652,-0.025274057075312606
experiment_1,obvious,CASE020,M008,2026-03-27,Manager,unusual_export,FN,0.5214658344660569,0.5379024781433652,-0.01643664367730835
experiment_1,obvious,CASE017,M004,2026-03-26,Manager,unusual_export,FN,0.5333429960374872,0.5379024781433652,-0.004559482105877977
experiment_1,obvious,CASE028,T004,2026-03-25,Teller,unusual_record_access,FN,0.457343484964391,0.5341784647040614,-0.0768349797396704
experiment_1,obvious,CASE022,T005,2026-03-17,Teller,unusual_record_access,FN,0.4612740034970859,0.5341784647040614,-0.07290446120697547
experiment_1,obvious,CASE027,T010,2026-03-24,Teller,unusual_export,FN,0.4821481918432446,0.5341784647040614,-0.052030272860816795
experiment_1,obvious,CASE029,T002,2026-03-27,Teller,unusual_record_access,FN,0.5001026305683653,0.5341784647040614,-0.03407583413569604
experiment_1,obvious,CASE021,T005,2026-03-16,Teller,unusual_export,FN,0.5241732969741082,0.5341784647040614,-0.01000516772995319
experiment_1,obvious,CASE025,T008,2026-03-23,Teller,unusual_export,FN,0.5244399611412179,0.5341784647040614,-0.009738503562843448
experiment_1,obvious,,C007,2026-03-26,Customer Service,,FP,0.590112284392153,0.5521464960734026,0.037965788318750415
experiment_1,obvious,,C005,2026-03-16,Customer Service,,FP,0.6013144773083432,0.5521464960734026,0.049167981234940594
experiment_1,obvious,,M008,2026-03-25,Manager,,FP,0.5384349793066496,0.5379024781433652,0.0005325011632844046
experiment_1,obvious,,M008,2026-03-19,Manager,,FP,0.5388708533314897,0.5379024781433652,0.0009683751881244262
experiment_1,obvious,,M001,2026-03-23,Manager,,FP,0.5434304082831661,0.5379024781433652,0.005527930139800907
experiment_1,obvious,,M004,2026-03-16,Manager,,FP,0.5771273908932699,0.5379024781433652,0.039224912749904695
experiment_1,obvious,,T010,2026-03-25,Teller,,FP,0.538922376108581,0.5341784647040614,0.004743911404519574
experiment_1,obvious,,T007,2026-03-20,Teller,,FP,0.5397311925062174,0.5341784647040614,0.005552727802155988
experiment_1,obvious,,T007,2026-03-17,Teller,,FP,0.5410696807608922,0.5341784647040614,0.006891216056830851
experiment_1,obvious,,T005,2026-03-23,Teller,,FP,0.5515582673685558,0.5341784647040614,0.01737980266449446
experiment_1,obvious,,T009,2026-03-17,Teller,,FP,0.5553799559071694,0.5341784647040614,0.02120149120310799
experiment_1,obvious,,T010,2026-03-26,Teller,,FP,0.5577411218891963,0.5341784647040614,0.02356265718513495
experiment_1,obvious,,T008,2026-03-19,Teller,,FP,0.5664463461311335,0.5341784647040614,0.032267881427072154
experiment_2,moderate,CASE003,C007,2026-03-16,Customer Service,unusual_export,FN,0.4503163485661549,0.5521464960734026,-0.10183014750724773
experiment_2,moderate,CASE007,C001,2026-03-20,Customer Service,unusual_record_access,FN,0.4585241405144405,0.5521464960734026,-0.09362235555896209
experiment_2,moderate,CASE009,C008,2026-03-25,Customer Service,unusual_export,FN,0.4687541548684591,0.5521464960734026,-0.08339234120494349
experiment_2,moderate,CASE001,C002,2026-03-16,Customer Service,unusual_record_access,FN,0.477863349115469,0.5521464960734026,-0.07428314695793359
experiment_2,moderate,CASE008,C008,2026-03-23,Customer Service,unusual_export,FN,0.4814682055472751,0.5521464960734026,-0.07067829052612751
experiment_2,moderate,CASE013,M003,2026-03-24,Manager,unusual_record_access,FN,0.4836653907166688,0.5379024781433652,-0.05423708742669642
experiment_2,moderate,CASE015,M004,2026-03-25,Manager,unusual_record_access,FN,0.4942601215382767,0.5379024781433652,-0.04364235660508853
experiment_2,moderate,CASE019,M009,2026-03-26,Manager,unusual_record_access,FN,0.5126284210680526,0.5379024781433652,-0.025274057075312606
experiment_2,moderate,CASE020,M008,2026-03-27,Manager,unusual_export,FN,0.5214658344660569,0.5379024781433652,-0.01643664367730835
experiment_2,moderate,CASE017,M004,2026-03-26,Manager,unusual_export,FN,0.5333429960374872,0.5379024781433652,-0.004559482105877977
experiment_2,moderate,CASE028,T004,2026-03-25,Teller,unusual_record_access,FN,0.457343484964391,0.5341784647040614,-0.0768349797396704
experiment_2,moderate,CASE022,T005,2026-03-17,Teller,unusual_record_access,FN,0.4612740034970859,0.5341784647040614,-0.07290446120697547
experiment_2,moderate,CASE027,T010,2026-03-24,Teller,unusual_export,FN,0.4821481918432446,0.5341784647040614,-0.052030272860816795
experiment_2,moderate,CASE029,T002,2026-03-27,Teller,unusual_record_access,FN,0.5001026305683653,0.5341784647040614,-0.03407583413569604
experiment_2,moderate,CASE021,T005,2026-03-16,Teller,unusual_export,FN,0.5241732969741082,0.5341784647040614,-0.01000516772995319
experiment_2,moderate,CASE025,T008,2026-03-23,Teller,unusual_export,FN,0.5244399611412179,0.5341784647040614,-0.009738503562843448
experiment_2,moderate,,C007,2026-03-26,Customer Service,,FP,0.590112284392153,0.5521464960734026,0.037965788318750415
experiment_2,moderate,,C005,2026-03-16,Customer Service,,FP,0.6013144773083432,0.5521464960734026,0.049167981234940594
experiment_2,moderate,,M008,2026-03-25,Manager,,FP,0.5384349793066496,0.5379024781433652,0.0005325011632844046
experiment_2,moderate,,M008,2026-03-19,Manager,,FP,0.5388708533314897,0.5379024781433652,0.0009683751881244262
experiment_2,moderate,,M001,2026-03-23,Manager,,FP,0.5434304082831661,0.5379024781433652,0.005527930139800907
experiment_2,moderate,,M004,2026-03-16,Manager,,FP,0.5771273908932699,0.5379024781433652,0.039224912749904695
experiment_2,moderate,,T010,2026-03-25,Teller,,FP,0.538922376108581,0.5341784647040614,0.004743911404519574
experiment_2,moderate,,T007,2026-03-20,Teller,,FP,0.5397311925062174,0.5341784647040614,0.005552727802155988
experiment_2,moderate,,T007,2026-03-17,Teller,,FP,0.5410696807608922,0.5341784647040614,0.006891216056830851
experiment_2,moderate,,T005,2026-03-23,Teller,,FP,0.5515582673685558,0.5341784647040614,0.01737980266449446
experiment_2,moderate,,T009,2026-03-17,Teller,,FP,0.5553799559071694,0.5341784647040614,0.02120149120310799
experiment_2,moderate,,T010,2026-03-26,Teller,,FP,0.5577411218891963,0.5341784647040614,0.02356265718513495
experiment_2,moderate,,T008,2026-03-19,Teller,,FP,0.5664463461311335,0.5341784647040614,0.032267881427072154
experiment_3,subtle,CASE003,C007,2026-03-16,Customer Service,unusual_export,FN,0.4064599627272654,0.5521464960734026,-0.14568653334613718
experiment_3,subtle,CASE007,C001,2026-03-20,Customer Service,unusual_record_access,FN,0.4266305388460608,0.5521464960734026,-0.12551595722734182
experiment_3,subtle,CASE009,C008,2026-03-25,Customer Service,unusual_export,FN,0.4429591432059369,0.5521464960734026,-0.10918735286746573
experiment_3,subtle,CASE008,C008,2026-03-23,Customer Service,unusual_export,FN,0.4434337912574393,0.5521464960734026,-0.10871270481596329
experiment_3,subtle,CASE001,C002,2026-03-16,Customer Service,unusual_record_access,FN,0.4638385719048612,0.5521464960734026,-0.08830792416854139
experiment_3,subtle,CASE013,M003,2026-03-24,Manager,unusual_record_access,FN,0.4581588447004197,0.5379024781433652,-0.07974363344294555
experiment_3,subtle,CASE015,M004,2026-03-25,Manager,unusual_record_access,FN,0.4643691286696373,0.5379024781433652,-0.07353334947372792
experiment_3,subtle,CASE019,M009,2026-03-26,Manager,unusual_record_access,FN,0.480832650654365,0.5379024781433652,-0.05706982748900025
experiment_3,subtle,CASE020,M008,2026-03-27,Manager,unusual_export,FN,0.4860873207513856,0.5379024781433652,-0.051815157391979616
experiment_3,subtle,CASE012,M003,2026-03-23,Manager,unusual_export,FN,0.491864500421207,0.5379024781433652,-0.04603797772215823
experiment_3,subtle,CASE016,M007,2026-03-25,Manager,temporal_combined,FN,0.5134332790653682,0.5379024781433652,-0.02446919907799705
experiment_3,subtle,CASE017,M004,2026-03-26,Manager,unusual_export,FN,0.5155417625152526,0.5379024781433652,-0.022360715628112593
experiment_3,subtle,CASE011,M002,2026-03-20,Manager,temporal_combined,FN,0.5333941519581956,0.5379024781433652,-0.004508326185169609
experiment_3,subtle,CASE022,T005,2026-03-17,Teller,unusual_record_access,FN,0.4116668733893788,0.5341784647040614,-0.12251159131468259
experiment_3,subtle,CASE028,T004,2026-03-25,Teller,unusual_record_access,FN,0.4232336364658411,0.5341784647040614,-0.11094482823822027
experiment_3,subtle,CASE027,T010,2026-03-24,Teller,unusual_export,FN,0.4272380106066381,0.5341784647040614,-0.10694045409742331
experiment_3,subtle,CASE021,T005,2026-03-16,Teller,unusual_export,FN,0.4636246128356298,0.5341784647040614,-0.0705538518684316
experiment_3,subtle,CASE029,T002,2026-03-27,Teller,unusual_record_access,FN,0.4830298628709858,0.5341784647040614,-0.05114860183307557
experiment_3,subtle,CASE025,T008,2026-03-23,Teller,unusual_export,FN,0.4918998630892513,0.5341784647040614,-0.04227860161481006
experiment_3,subtle,CASE026,T006,2026-03-24,Teller,temporal_combined,FN,0.4993285914568903,0.5341784647040614,-0.03484987324717109
experiment_3,subtle,CASE023,T006,2026-03-18,Teller,temporal_combined,FN,0.5017219022338913,0.5341784647040614,-0.032456562470170036
experiment_3,subtle,CASE030,T009,2026-03-27,Teller,temporal_combined,FN,0.5340634281658321,0.5341784647040614,-0.00011503653822930726
experiment_3,subtle,,C007,2026-03-26,Customer Service,,FP,0.590112284392153,0.5521464960734026,0.037965788318750415
experiment_3,subtle,,C005,2026-03-16,Customer Service,,FP,0.6013144773083432,0.5521464960734026,0.049167981234940594
experiment_3,subtle,,M008,2026-03-25,Manager,,FP,0.5384349793066496,0.5379024781433652,0.0005325011632844046
experiment_3,subtle,,M008,2026-03-19,Manager,,FP,0.5388708533314897,0.5379024781433652,0.0009683751881244262
experiment_3,subtle,,M001,2026-03-23,Manager,,FP,0.5434304082831661,0.5379024781433652,0.005527930139800907
experiment_3,subtle,,M004,2026-03-16,Manager,,FP,0.5771273908932699,0.5379024781433652,0.039224912749904695
experiment_3,subtle,,T010,2026-03-25,Teller,,FP,0.538922376108581,0.5341784647040614,0.004743911404519574
experiment_3,subtle,,T007,2026-03-20,Teller,,FP,0.5397311925062174,0.5341784647040614,0.005552727802155988
experiment_3,subtle,,T007,2026-03-17,Teller,,FP,0.5410696807608922,0.5341784647040614,0.006891216056830851
experiment_3,subtle,,T005,2026-03-23,Teller,,FP,0.5515582673685558,0.5341784647040614,0.01737980266449446
experiment_3,subtle,,T009,2026-03-17,Teller,,FP,0.5553799559071694,0.5341784647040614,0.02120149120310799
experiment_3,subtle,,T010,2026-03-26,Teller,,FP,0.5577411218891963,0.5341784647040614,0.02356265718513495
experiment_3,subtle,,T008,2026-03-19,Teller,,FP,0.5664463461311335,0.5341784647040614,0.032267881427072154
