experiment,difficulty,role,tp,tn,fp,fn,precision,recall,false_positive_rate
experiment_1,obvious,Customer Service,5,88,2,5,0.7142857142857143,0.5,0.022222222222222223
experiment_1,obvious,Manager,5,86,4,5,0.5555555555555556,0.5,0.044444444444444446
experiment_1,obvious,Teller,4,83,7,6,0.36363636363636365,0.4,0.07777777777777778
experiment_2,moderate,Customer Service,5,88,2,5,0.7142857142857143,0.5,0.022222222222222223
experiment_2,moderate,Manager,5,86,4,5,0.5555555555555556,0.5,0.044444444444444446
experiment_2,moderate,Teller,4,83,7,6,0.36363636363636365,0.4,0.07777777777777778
experiment_3,subtle,Customer Service,5,88,2,5,0.7142857142857143,0.5,0.022222222222222223
experiment_3,subtle,Manager,2,86,4,8,0.3333333333333333,0.2,0.044444444444444446
experiment_3,subtle,Teller,1,83,7,9,0.125,0.1,0.07777777777777778
