case_id,user_id,date,role,experiment,experiment_difficulty,anomaly_score,threshold,prediction,scenario
CASE007,C001,2026-03-20,Customer Service,experiment_1,obvious,0.4585241405144405,0.5521464960734026,0,unusual_record_access
CASE007,C001,2026-03-20,Customer Service,experiment_2,moderate,0.4585241405144405,0.5521464960734026,0,unusual_record_access
CASE007,C001,2026-03-20,Customer Service,experiment_3,subtle,0.4266305388460608,0.5521464960734026,0,unusual_record_access
CASE001,C002,2026-03-16,Customer Service,experiment_1,obvious,0.477863349115469,0.5521464960734026,0,unusual_record_access
CASE001,C002,2026-03-16,Customer Service,experiment_2,moderate,0.477863349115469,0.5521464960734026,0,unusual_record_access
CASE001,C002,2026-03-16,Customer Service,experiment_3,subtle,0.4638385719048612,0.5521464960734026,0,unusual_record_access
CASE005,C002,2026-03-18,Customer Service,experiment_1,obvious,0.5812072092124958,0.5521464960734026,1,unusual_record_access
CASE005,C002,2026-03-18,Customer Service,experiment_2,moderate,0.5812072092124958,0.5521464960734026,1,unusual_record_access
CASE005,C002,2026-03-18,Customer Service,experiment_3,subtle,0.5576918145814787,0.5521464960734026,1,unusual_record_access
CASE010,C003,2026-03-27,Customer Service,experiment_1,obvious,0.5996552242559131,0.5521464960734026,1,temporal_combined
CASE010,C003,2026-03-27,Customer Service,experiment_2,moderate,0.5892361871503315,0.5521464960734026,1,temporal_combined
CASE010,C003,2026-03-27,Customer Service,experiment_3,subtle,0.5550739021139568,0.5521464960734026,1,temporal_combined
CASE002,C006,2026-03-16,Customer Service,experiment_1,obvious,0.6516573644879122,0.5521464960734026,1,temporal_combined
CASE002,C006,2026-03-16,Customer Service,experiment_2,moderate,0.6516573644879122,0.5521464960734026,1,temporal_combined
CASE002,C006,2026-03-16,Customer Service,experiment_3,subtle,0.6151577277152549,0.5521464960734026,1,temporal_combined
CASE003,C007,2026-03-16,Customer Service,experiment_1,obvious,0.4503163485661549,0.5521464960734026,0,unusual_export
CASE003,C007,2026-03-16,Customer Service,experiment_2,moderate,0.4503163485661549,0.5521464960734026,0,unusual_export
CASE003,C007,2026-03-16,Customer Service,experiment_3,subtle,0.4064599627272654,0.5521464960734026,0,unusual_export
CASE006,C007,2026-03-19,Customer Service,experiment_1,obvious,0.6630570963415781,0.5521464960734026,1,temporal_combined
CASE006,C007,2026-03-19,Customer Service,experiment_2,moderate,0.6630570963415781,0.5521464960734026,1,temporal_combined
CASE006,C007,2026-03-19,Customer Service,experiment_3,subtle,0.6016953499297093,0.5521464960734026,1,temporal_combined
CASE008,C008,2026-03-23,Customer Service,experiment_1,obvious,0.4814682055472751,0.5521464960734026,0,unusual_export
CASE008,C008,2026-03-23,Customer Service,experiment_2,moderate,0.4814682055472751,0.5521464960734026,0,unusual_export
CASE008,C008,2026-03-23,Customer Service,experiment_3,subtle,0.4434337912574393,0.5521464960734026,0,unusual_export
CASE009,C008,2026-03-25,Customer Service,experiment_1,obvious,0.4687541548684591,0.5521464960734026,0,unusual_export
CASE009,C008,2026-03-25,Customer Service,experiment_2,moderate,0.4687541548684591,0.5521464960734026,0,unusual_export
CASE009,C008,2026-03-25,Customer Service,experiment_3,subtle,0.4429591432059369,0.5521464960734026,0,unusual_export
CASE004,C009,2026-03-17,Customer Service,experiment_1,obvious,0.6196825100762939,0.5521464960734026,1,temporal_combined
CASE004,C009,2026-03-17,Customer Service,experiment_2,moderate,0.6196825100762939,0.5521464960734026,1,temporal_combined
CASE004,C009,2026-03-17,Customer Service,experiment_3,subtle,0.5614794592092001,0.5521464960734026,1,temporal_combined
CASE011,M002,2026-03-20,Manager,experiment_1,obvious,0.6223639658815322,0.5379024781433652,1,temporal_combined
CASE011,M002,2026-03-20,Manager,experiment_2,moderate,0.6200646013495312,0.5379024781433652,1,temporal_combined
CASE011,M002,2026-03-20,Manager,experiment_3,subtle,0.5333941519581956,0.5379024781433652,0,temporal_combined
CASE012,M003,2026-03-23,Manager,experiment_1,obvious,0.5495334859365792,0.5379024781433652,1,unusual_export
CASE012,M003,2026-03-23,Manager,experiment_2,moderate,0.5495334859365792,0.5379024781433652,1,unusual_export
CASE012,M003,2026-03-23,Manager,experiment_3,subtle,0.491864500421207,0.5379024781433652,0,unusual_export
CASE013,M003,2026-03-24,Manager,experiment_1,obvious,0.4836653907166688,0.5379024781433652,0,unusual_record_access
CASE013,M003,2026-03-24,Manager,experiment_2,moderate,0.4836653907166688,0.5379024781433652,0,unusual_record_access
CASE013,M003,2026-03-24,Manager,experiment_3,subtle,0.4581588447004197,0.5379024781433652,0,unusual_record_access
CASE015,M004,2026-03-25,Manager,experiment_1,obvious,0.4942601215382767,0.5379024781433652,0,unusual_record_access
CASE015,M004,2026-03-25,Manager,experiment_2,moderate,0.4942601215382767,0.5379024781433652,0,unusual_record_access
CASE015,M004,2026-03-25,Manager,experiment_3,subtle,0.4643691286696373,0.5379024781433652,0,unusual_record_access
CASE017,M004,2026-03-26,Manager,experiment_1,obvious,0.5333429960374872,0.5379024781433652,0,unusual_export
CASE017,M004,2026-03-26,Manager,experiment_2,moderate,0.5333429960374872,0.5379024781433652,0,unusual_export
CASE017,M004,2026-03-26,Manager,experiment_3,subtle,0.5155417625152526,0.5379024781433652,0,unusual_export
CASE014,M007,2026-03-24,Manager,experiment_1,obvious,0.6223837547187389,0.5379024781433652,1,temporal_combined
CASE014,M007,2026-03-24,Manager,experiment_2,moderate,0.6223837547187389,0.5379024781433652,1,temporal_combined
CASE014,M007,2026-03-24,Manager,experiment_3,subtle,0.5490524672557884,0.5379024781433652,1,temporal_combined
CASE016,M007,2026-03-25,Manager,experiment_1,obvious,0.5953154179790991,0.5379024781433652,1,temporal_combined
CASE016,M007,2026-03-25,Manager,experiment_2,moderate,0.5914419802595505,0.5379024781433652,1,temporal_combined
CASE016,M007,2026-03-25,Manager,experiment_3,subtle,0.5134332790653682,0.5379024781433652,0,temporal_combined
CASE018,M007,2026-03-26,Manager,experiment_1,obvious,0.6052817731623573,0.5379024781433652,1,temporal_combined
CASE018,M007,2026-03-26,Manager,experiment_2,moderate,0.6052817731623573,0.5379024781433652,1,temporal_combined
CASE018,M007,2026-03-26,Manager,experiment_3,subtle,0.5444244188883192,0.5379024781433652,1,temporal_combined
CASE020,M008,2026-03-27,Manager,experiment_1,obvious,0.5214658344660569,0.5379024781433652,0,unusual_export
CASE020,M008,2026-03-27,Manager,experiment_2,moderate,0.5214658344660569,0.5379024781433652,0,unusual_export
CASE020,M008,2026-03-27,Manager,experiment_3,subtle,0.4860873207513856,0.5379024781433652,0,unusual_export
CASE019,M009,2026-03-26,Manager,experiment_1,obvious,0.5126284210680526,0.5379024781433652,0,unusual_record_access
CASE019,M009,2026-03-26,Manager,experiment_2,moderate,0.5126284210680526,0.5379024781433652,0,unusual_record_access
CASE019,M009,2026-03-26,Manager,experiment_3,subtle,0.480832650654365,0.5379024781433652,0,unusual_record_access
CASE029,T002,2026-03-27,Teller,experiment_1,obvious,0.5001026305683653,0.5341784647040614,0,unusual_record_access
CASE029,T002,2026-03-27,Teller,experiment_2,moderate,0.5001026305683653,0.5341784647040614,0,unusual_record_access
CASE029,T002,2026-03-27,Teller,experiment_3,subtle,0.4830298628709858,0.5341784647040614,0,unusual_record_access
CASE024,T004,2026-03-20,Teller,experiment_1,obvious,0.6397222002467327,0.5341784647040614,1,temporal_combined
CASE024,T004,2026-03-20,Teller,experiment_2,moderate,0.6324260144301695,0.5341784647040614,1,temporal_combined
CASE024,T004,2026-03-20,Teller,experiment_3,subtle,0.582252784721782,0.5341784647040614,1,temporal_combined
CASE028,T004,2026-03-25,Teller,experiment_1,obvious,0.457343484964391,0.5341784647040614,0,unusual_record_access
CASE028,T004,2026-03-25,Teller,experiment_2,moderate,0.457343484964391,0.5341784647040614,0,unusual_record_access
CASE028,T004,2026-03-25,Teller,experiment_3,subtle,0.4232336364658411,0.5341784647040614,0,unusual_record_access
CASE021,T005,2026-03-16,Teller,experiment_1,obvious,0.5241732969741082,0.5341784647040614,0,unusual_export
CASE021,T005,2026-03-16,Teller,experiment_2,moderate,0.5241732969741082,0.5341784647040614,0,unusual_export
CASE021,T005,2026-03-16,Teller,experiment_3,subtle,0.4636246128356298,0.5341784647040614,0,unusual_export
CASE022,T005,2026-03-17,Teller,experiment_1,obvious,0.4612740034970859,0.5341784647040614,0,unusual_record_access
CASE022,T005,2026-03-17,Teller,experiment_2,moderate,0.4612740034970859,0.5341784647040614,0,unusual_record_access
CASE022,T005,2026-03-17,Teller,experiment_3,subtle,0.4116668733893788,0.5341784647040614,0,unusual_record_access
CASE023,T006,2026-03-18,Teller,experiment_1,obvious,0.6233732066257135,0.5341784647040614,1,temporal_combined
CASE023,T006,2026-03-18,Teller,experiment_2,moderate,0.6151120224851427,0.5341784647040614,1,temporal_combined
CASE023,T006,2026-03-18,Teller,experiment_3,subtle,0.5017219022338913,0.5341784647040614,0,temporal_combined
CASE026,T006,2026-03-24,Teller,experiment_1,obvious,0.6208790421118501,0.5341784647040614,1,temporal_combined
CASE026,T006,2026-03-24,Teller,experiment_2,moderate,0.6154855029934234,0.5341784647040614,1,temporal_combined
CASE026,T006,2026-03-24,Teller,experiment_3,subtle,0.4993285914568903,0.5341784647040614,0,temporal_combined
CASE025,T008,2026-03-23,Teller,experiment_1,obvious,0.5244399611412179,0.5341784647040614,0,unusual_export
CASE025,T008,2026-03-23,Teller,experiment_2,moderate,0.5244399611412179,0.5341784647040614,0,unusual_export
CASE025,T008,2026-03-23,Teller,experiment_3,subtle,0.4918998630892513,0.5341784647040614,0,unusual_export
CASE030,T009,2026-03-27,Teller,experiment_1,obvious,0.6236136687852061,0.5341784647040614,1,temporal_combined
CASE030,T009,2026-03-27,Teller,experiment_2,moderate,0.6081336492100662,0.5341784647040614,1,temporal_combined
CASE030,T009,2026-03-27,Teller,experiment_3,subtle,0.5340634281658321,0.5341784647040614,0,temporal_combined
CASE027,T010,2026-03-24,Teller,experiment_1,obvious,0.4821481918432446,0.5341784647040614,0,unusual_export
CASE027,T010,2026-03-24,Teller,experiment_2,moderate,0.4821481918432446,0.5341784647040614,0,unusual_export
CASE027,T010,2026-03-24,Teller,experiment_3,subtle,0.4272380106066381,0.5341784647040614,0,unusual_export
