experiment,candidate_key,user_id,date,role,risk_level,investigation_priority,summary,evidence,role_context,uncertainty,recommended_action,candidate_input_json,sample_reason,grounding_pass,role_awareness_pass,unsupported_claims_pass,uncertainty_pass,manual_notes
experiment_1,C003|2026-03-27|Customer Service,C003,2026-03-27,Customer Service,High,Escalate,"The day shows an anomaly signal from the Isolation Forest and three deterministic rules triggered, including after-hours use, large export, and high record access. Activity spans the day from early morning to late evening with 124 records accessed and 11 exports (total 70 units). This combination warrants urgent analyst review to confirm legitimate business context.","Anomaly score 0.5997 > threshold 0.5521 (ISF anomaly) | 3 rules triggered: after_hours, large_export, high_record_access | download_event_count = 11, download_total = 70 | records_accessed_total = 124; activity window 8.9 to 21.2 hours","Customer Service role with relatively high customer-record access and limited data export activity; the large export and high record access contrast with expected behavior for this role, prompting review of justification.",Cannot determine the business justification for after-hours activity or the exported content from the input alone. No evidence of malicious intent or policy violation can be concluded without additional context.,"Perform a quick contextual review: verify the business need for the exports and access volume, check related customer-request tickets, and examine export content and recipients; consider requesting a justification from the employee if needed.","{""employee_context"": {""user_id"": ""C003"", ""date"": ""2026-03-27"", ""role"": ""Customer Service"", ""role_context"": ""Customer enquiry and account-maintenance role with relatively high customer-record access and limited data export activity.""}, ""behaviour_summary"": {""event_count"": 42, ""transaction_count"": 3, ""customer_record_access_count"": 25, ""download_event_count"": 11, ""download_total"": 70, ""records_accessed_total"": 124, ""vip_access_count"": 0, ""failed_login_count"": 0, ""unknown_ip_count"": 0, ""first_activity_hour"": 8.912222222222223, ""last_activity_hour"": 21.200555555555557, ""activity_duration_hours"": 12.288333333333334}, ""ml_evidence"": {""anomaly_score"": 0.5996552242559131, ""threshold"": 0.5521464960734026, ""prediction"": ""Anomaly""}, ""rule_evidence"": {""after_hours"": true, ""large_export"": true, ""high_record_access"": true, ""rules_triggered"": 3, ""prediction"": ""Anomaly""}}",all_high,,,,,
experiment_1,C005|2026-03-16|Customer Service,C005,2026-03-16,Customer Service,High,Escalate,"ML-based anomaly score (0.6013) exceeds the 0.5521 threshold (Anomaly). A large_export trigger from deterministic rules also indicates an Anomaly. Given the role context of Customer Service with high record access and notable export activity, these indicators warrant analyst review and escalation.","Anomaly score 0.6013144773083432 exceeds threshold 0.5521464960734026; prediction: Anomaly. | Rule evidence: large_export true, rules_triggered: 1; prediction: Anomaly. | Downloads: 12 events totaling 35; customer_record_access_count: 33; records_accessed_total: 77. | Activity window: first_activity_hour 8.6736 (approx 08:40) to last_activity_hour 15.7672 (approx 15:46); duration 7.09 hours; event_count 52; transaction_count 5; failed_login_count 0; unknown_ip_count 0.",Customer Service role with relatively high customer-record access and limited data export activity; unusual export volume is more noteworthy given this context. This backdrop helps balance interpretation of the anomaly indicators.,"Business justification for the large export is not provided, and content details of the export are unknown. The indicators do not prove intent or malice; further context is required to determine appropriate action.","Initiate a targeted security review: audit the exported data and associated access context, verify business justification for today’s export, and correlate with open tickets or customer requests; involve a supervisor to determine next steps and any additional monitoring.","{""employee_context"": {""user_id"": ""C005"", ""date"": ""2026-03-16"", ""role"": ""Customer Service"", ""role_context"": ""Customer enquiry and account-maintenance role with relatively high customer-record access and limited data export activity.""}, ""behaviour_summary"": {""event_count"": 52, ""transaction_count"": 5, ""customer_record_access_count"": 33, ""download_event_count"": 12, ""download_total"": 35, ""records_accessed_total"": 77, ""vip_access_count"": 0, ""failed_login_count"": 0, ""unknown_ip_count"": 0, ""first_activity_hour"": 8.67361111111111, ""last_activity_hour"": 15.767222222222223, ""activity_duration_hours"": 7.093611111111112}, ""ml_evidence"": {""anomaly_score"": 0.6013144773083432, ""threshold"": 0.5521464960734026, ""prediction"": ""Anomaly""}, ""rule_evidence"": {""after_hours"": false, ""large_export"": true, ""high_record_access"": false, ""rules_triggered"": 1, ""prediction"": ""Anomaly""}}",all_high,,,,,
experiment_1,C006|2026-03-16|Customer Service,C006,2026-03-16,Customer Service,High,Escalate,"Isolation Forest flags this day as anomalous (score 0.652, threshold 0.552). Deterministic rules indicate after-hours activity, large export, and high record-access (3 rules). Combined with role context, these indicators warrant elevated analyst review without asserting malicious intent.","Isolation Forest anomaly score 0.652 (threshold 0.552); predicted Anomaly. | Deterministic rules triggered: after_hours, large_export, high_record_access (3 rules); prediction Anomaly. | Behavioral totals: 30 customer-record accesses, 5 download events totaling 61, 135 records accessed; activity window ~08:11–21:12 (~13 hours).","Customer Service role with relatively high access to customer records and limited data export activity. This context suggests that some elevated access could occur during normal duties, but multiple indicators still require review to confirm appropriateness.",Business justification for high record-access and after-hours exports is not provided in the input. No baseline or task-context is available to determine if this activity aligns with current duties.,"Initiate a targeted security review of access and export events for this user; verify recent tasks, approvals, and need for high-record access during the activity window.","{""employee_context"": {""user_id"": ""C006"", ""date"": ""2026-03-16"", ""role"": ""Customer Service"", ""role_context"": ""Customer enquiry and account-maintenance role with relatively high customer-record access and limited data export activity.""}, ""behaviour_summary"": {""event_count"": 45, ""transaction_count"": 7, ""customer_record_access_count"": 30, ""download_event_count"": 5, ""download_total"": 61, ""records_accessed_total"": 135, ""vip_access_count"": 0, ""failed_login_count"": 0, ""unknown_ip_count"": 0, ""first_activity_hour"": 8.179166666666665, ""last_activity_hour"": 21.196944444444444, ""activity_duration_hours"": 13.017777777777775}, ""ml_evidence"": {""anomaly_score"": 0.6516573644879122, ""threshold"": 0.5521464960734026, ""prediction"": ""Anomaly""}, ""rule_evidence"": {""after_hours"": true, ""large_export"": true, ""high_record_access"": true, ""rules_triggered"": 3, ""prediction"": ""Anomaly""}}",all_high,,,,,
experiment_1,C007|2026-03-19|Customer Service,C007,2026-03-19,Customer Service,High,Escalate,"The day shows elevated access to customer records and export activity with after-hours timing. Anomaly detection (ML score 0.6631 vs threshold 0.5521) and three deterministic rules (after_hours, large_export, high_record_access) were triggered. This combination warrants analyst review to contextualize potential business justification without assuming malicious intent.","Anomaly_score=0.6630570963415781, threshold=0.5521464960734026, prediction=Anomaly. | after_hours=true, large_export=true, high_record_access=true; rules_triggered=3; rule_prediction=Anomaly. | customer_record_access_count=29, download_event_count=9, download_total=60, records_accessed_total=122, vip_access_count=4, event_count=45, activity_duration_hours=14.518055555555556. | first_activity_hour=8.458055555555555, last_activity_hour=22.97611111111111, failed_login_count=0, unknown_ip_count=0.",Customer Service role involves enquiry and account maintenance with relatively high customer-record access and limited data export activity. The observed pattern—substantial record access and exports across a long day including after-hours—should be interpreted against this role's typical access profile to assess risk properly.,"There is no accompanying business justification or ticket/context tying these actions to a specific customer interaction. The baseline of normal export/access patterns for this individual is not provided, so causation cannot be established from this data alone.","Initiate a focused security review of the export and access events for this user-day; verify legitimate business need and correlate with any active tickets or customer requests, and assess data exposure risk. If corroborating context is unavailable, consider escalating to Data Governance or Security for further investigation.","{""employee_context"": {""user_id"": ""C007"", ""date"": ""2026-03-19"", ""role"": ""Customer Service"", ""role_context"": ""Customer enquiry and account-maintenance role with relatively high customer-record access and limited data export activity.""}, ""behaviour_summary"": {""event_count"": 45, ""transaction_count"": 4, ""customer_record_access_count"": 29, ""download_event_count"": 9, ""download_total"": 60, ""records_accessed_total"": 122, ""vip_access_count"": 4, ""failed_login_count"": 0, ""unknown_ip_count"": 0, ""first_activity_hour"": 8.458055555555555, ""last_activity_hour"": 22.97611111111111, ""activity_duration_hours"": 14.518055555555556}, ""ml_evidence"": {""anomaly_score"": 0.6630570963415781, ""threshold"": 0.5521464960734026, ""prediction"": ""Anomaly""}, ""rule_evidence"": {""after_hours"": true, ""large_export"": true, ""high_record_access"": true, ""rules_triggered"": 3, ""prediction"": ""Anomaly""}}",all_high,,,,,
experiment_1,M007|2026-03-24|Manager,M007,2026-03-24,Manager,High,Escalate,"The Isolation Forest flags an anomaly (score 0.622, threshold 0.538) and three deterministic rules trigger (after_hours, large_export, high_record_access) for a Manager. Activity spans 08:14 to 23:28 (about 15.2 hours) with 10 export events totaling 142 and 98 records accessed, and no failed logins or VIP access. These indicators suggest meaningful unusual activity warranting review, but do not prove malicious intent.","Anomaly score 0.622 > threshold 0.538; model prediction: Anomaly | Deterministic rules triggered: after_hours, large_export, high_record_access (3 rules) | Activity window: 08:14 to 23:28 (~15.2 hours) | download_event_count 10, download_total 142, records_accessed_total 98, failed_login_count 0, vip_access_count 0",Manager role with moderate customer-record access but comparatively higher reporting and data export activity. The role context suggests some export activity can be expected; unusual export volumes require contextual interpretation.,Baseline patterns for this role are not provided; cannot determine if the export volume and after-hours activity are business justified without additional context.,"Verify business justification for late-day exports and high-volume data access; review export contents and data sensitivity, and correlate with task assignments and supervisor approvals.","{""employee_context"": {""user_id"": ""M007"", ""date"": ""2026-03-24"", ""role"": ""Manager"", ""role_context"": ""Operational supervision role with moderate customer-record access and comparatively higher reporting and data export activity.""}, ""behaviour_summary"": {""event_count"": 23, ""transaction_count"": 2, ""customer_record_access_count"": 8, ""download_event_count"": 10, ""download_total"": 142, ""records_accessed_total"": 98, ""vip_access_count"": 0, ""failed_login_count"": 0, ""unknown_ip_count"": 0, ""first_activity_hour"": 8.235555555555555, ""last_activity_hour"": 23.459166666666665, ""activity_duration_hours"": 15.223611111111111}, ""ml_evidence"": {""anomaly_score"": 0.6223837547187389, ""threshold"": 0.5379024781433652, ""prediction"": ""Anomaly""}, ""rule_evidence"": {""after_hours"": true, ""large_export"": true, ""high_record_access"": true, ""rules_triggered"": 3, ""prediction"": ""Anomaly""}}",all_high,,,,,
experiment_1,M007|2026-03-25|Manager,M007,2026-03-25,Manager,High,Escalate,"The day shows an anomaly per Isolation Forest (score 0.595315... above threshold 0.537902...), with three deterministic rules triggered (after_hours, large_export, high_record_access). Activity includes after-hours usage and substantial data access/downloads (103 records accessed, 12 downloads, total 144), plus one VIP access. These indicators warrant contextual security review but do not prove malicious intent.","Isolation Forest anomaly_score 0.5953154179790991 (above threshold 0.5379024781433652); prediction: Anomaly | Deterministic rules triggered: after_hours, large_export, high_record_access (3 rules); prediction: Anomaly | After-hours activity window 08:31 to 22:38 and high-volume data activity: 103 records accessed, 12 downloads (total 144)","As a Manager overseeing operations with moderate customer-record access, some data-export/activity aligns with role expectations. The after-hours and large-export signals warrant review within the role’s supervisory context.",Cannot determine business justification for the large export or whether activity fully aligns with current tasks from the supplied data. No information on data destinations or intended recipients is provided.,"Escalate for contextual review: verify business justification and task mappings for the export and high-record-access events; check destinations/recipients of exports and assess alignment with role responsibilities, documenting findings.","{""employee_context"": {""user_id"": ""M007"", ""date"": ""2026-03-25"", ""role"": ""Manager"", ""role_context"": ""Operational supervision role with moderate customer-record access and comparatively higher reporting and data export activity.""}, ""behaviour_summary"": {""event_count"": 30, ""transaction_count"": 1, ""customer_record_access_count"": 14, ""download_event_count"": 12, ""download_total"": 144, ""records_accessed_total"": 103, ""vip_access_count"": 1, ""failed_login_count"": 0, ""unknown_ip_count"": 0, ""first_activity_hour"": 8.51888888888889, ""last_activity_hour"": 22.648611111111112, ""activity_duration_hours"": 14.129722222222222}, ""ml_evidence"": {""anomaly_score"": 0.5953154179790991, ""threshold"": 0.5379024781433652, ""prediction"": ""Anomaly""}, ""rule_evidence"": {""after_hours"": true, ""large_export"": true, ""high_record_access"": true, ""rules_triggered"": 3, ""prediction"": ""Anomaly""}}",all_high,,,,,
experiment_1,M007|2026-03-26|Manager,M007,2026-03-26,Manager,High,Escalate,"An Isolation Forest score exceeds its threshold with an ML anomaly prediction. Deterministic rules also flag after-hours activity and a large data export. The combination indicates meaningful unusual activity that warrants escalation for contextual review, without proving misconduct.",Anomaly score 0.6052817731623573 exceeds threshold 0.5379024781433652 indicating an anomaly per ML detector. | ML anomaly prediction: Anomaly. | After-hours activity detected: true. | Large data export detected: true.,"As a Manager with moderate customer-record access but elevated reporting/export activity, these signals may be more plausible as legitimate reporting work; however, the anomalies are noteworthy given the role.",Cannot determine whether the exports were authorized or part of a legitimate project from the provided data. No explicit business justification or additional logs are provided.,"Initiate contextual review: verify export details and authorization, and correlate with reporting duties; review access to customer records and VIP data, and check data-transfer logs for legitimate business justification.","{""employee_context"": {""user_id"": ""M007"", ""date"": ""2026-03-26"", ""role"": ""Manager"", ""role_context"": ""Operational supervision role with moderate customer-record access and comparatively higher reporting and data export activity.""}, ""behaviour_summary"": {""event_count"": 32, ""transaction_count"": 3, ""customer_record_access_count"": 13, ""download_event_count"": 13, ""download_total"": 158, ""records_accessed_total"": 95, ""vip_access_count"": 2, ""failed_login_count"": 0, ""unknown_ip_count"": 0, ""first_activity_hour"": 8.20111111111111, ""last_activity_hour"": 22.91638888888889, ""activity_duration_hours"": 14.71527777777778}, ""ml_evidence"": {""anomaly_score"": 0.6052817731623573, ""threshold"": 0.5379024781433652, ""prediction"": ""Anomaly""}, ""rule_evidence"": {""after_hours"": true, ""large_export"": true, ""high_record_access"": true, ""rules_triggered"": 3, ""prediction"": ""Anomaly""}}",all_high,,,,,
experiment_1,T004|2026-03-20|Teller,T004,2026-03-20,Teller,High,Escalate,"The Teller T004 shows after-hours activity, large export, and high record access, with an Isolation Forest anomaly score of 0.64 (threshold 0.53) and 3 deterministic rules triggered. The day includes 14.3 hours of activity, 94 records accessed, 40 items exported, and one VIP access event, which is unusual for this role context. These indicators justify a high-priority security review to determine if there is a legitimate business justification or if further investigation is needed.",anomaly_score: 0.6397222002467327 | threshold: 0.5341784647040614 | ml_prediction: Anomaly | rules_triggered: 3,Teller role with moderate customer-record access and normally limited data export activity; unusual after-hours and export activity raise attention for further review.,Cannot determine whether there is a legitimate business justification for after-hours activity or the data-export pattern based on the supplied evidence alone.,"Escalate to security triage; perform targeted review of export and record-access events for user T004, verify any business justification with supervisor, and correlate with other logs.","{""employee_context"": {""user_id"": ""T004"", ""date"": ""2026-03-20"", ""role"": ""Teller"", ""role_context"": ""Daily transaction-processing role with moderate customer-record access and normally limited data export activity.""}, ""behaviour_summary"": {""event_count"": 48, ""transaction_count"": 19, ""customer_record_access_count"": 21, ""download_event_count"": 5, ""download_total"": 40, ""records_accessed_total"": 94, ""vip_access_count"": 1, ""failed_login_count"": 0, ""unknown_ip_count"": 0, ""first_activity_hour"": 8.622777777777777, ""last_activity_hour"": 22.89305555555556, ""activity_duration_hours"": 14.270277777777778}, ""ml_evidence"": {""anomaly_score"": 0.6397222002467327, ""threshold"": 0.5341784647040614, ""prediction"": ""Anomaly""}, ""rule_evidence"": {""after_hours"": true, ""large_export"": true, ""high_record_access"": true, ""rules_triggered"": 3, ""prediction"": ""Anomaly""}}",all_high,,,,,
experiment_1,T006|2026-03-18|Teller,T006,2026-03-18,Teller,High,Escalate,"For Teller T006, after-hours activity with notable data-export events and elevated record access triggered both ML and deterministic anomaly indicators. The evidence shows multiple concurrent unusual signals, requiring careful contextual review. It does not establish intent or breach, but warrants urgent triage.",After-hours activity detected (after_hours = true). | Large export event detected (large_export = true; download_total = 31; download_event_count = 5). | High record access detected (high_record_access = true; records_accessed_total = 99; customer_record_access_count = 20). | Anomaly indicators: anomaly_score = 0.6233732066257135 (threshold 0.5341784647040614); ML prediction = Anomaly; rule_evidence triggered = 3 rules; rule prediction = Anomaly.,Teller performs routine transaction processing with moderate customer-record access and normally limited data export activity. The role context suggests that after-hours exports and elevated record access are noteworthy deviations and should be interpreted with caution.,Cannot determine business justification or intent from the supplied data. The evidence does not confirm a breach or policy violation; only that multiple anomaly indicators were triggered.,"Conduct a contextual review of the exports and access patterns for T006, verify the business purpose and approvals, and monitor ongoing activity. Consider elevating to incident triage and tightening export monitoring if corroborating business context is not readily found.","{""employee_context"": {""user_id"": ""T006"", ""date"": ""2026-03-18"", ""role"": ""Teller"", ""role_context"": ""Daily transaction-processing role with moderate customer-record access and normally limited data export activity.""}, ""behaviour_summary"": {""event_count"": 47, ""transaction_count"": 19, ""customer_record_access_count"": 20, ""download_event_count"": 5, ""download_total"": 31, ""records_accessed_total"": 99, ""vip_access_count"": 0, ""failed_login_count"": 0, ""unknown_ip_count"": 0, ""first_activity_hour"": 9.005277777777778, ""last_activity_hour"": 21.27472222222222, ""activity_duration_hours"": 12.269444444444444}, ""ml_evidence"": {""anomaly_score"": 0.6233732066257135, ""threshold"": 0.5341784647040614, ""prediction"": ""Anomaly""}, ""rule_evidence"": {""after_hours"": true, ""large_export"": true, ""high_record_access"": true, ""rules_triggered"": 3, ""prediction"": ""Anomaly""}}",all_high,,,,,
experiment_1,T006|2026-03-24|Teller,T006,2026-03-24,Teller,High,Escalate,"Anomaly detection flags unusual activity for a Teller today: isolation forest score 0.6209 (above threshold 0.5342) with an Anomaly prediction, and 3 deterministic rules triggered (after_hours, large_export, high_record_access). The activity spans 13.6 hours (first at ~09:00, last at ~22:36) with 91 records accessed and 4 downloads totaling 40 units, which is unusual for the role's normally limited data export. This pattern does not prove malicious intent but warrants contextual review given the role context.","Isolation Forest anomaly_score 0.6209 > threshold 0.5342 with prediction Anomaly (ml_evidence). | Three rules triggered: after_hours, large_export, high_record_access (rule_evidence). | Activity window: first_activity_hour ~9.00, last_activity_hour ~22.61, duration ~13.61 hours; records_accessed_total 91; download_total 40; download_event_count 4 (behaviour_summary).",Teller role with daily transaction-processing and normally limited data exports; this context makes large_export and high_record_access more noteworthy and merit review in context of business need.,Cannot determine business justification or user intent from the supplied data. Cannot confirm whether the late-hours activity or exports are related to legitimate customer cases or system issues without additional context.,"Initiate a contextual security review: validate business justification for exports, inspect the contents and recipients of the downloads, and correlate with transaction/activity logs; consider heightened monitoring or temporary restriction if further signs arise.","{""employee_context"": {""user_id"": ""T006"", ""date"": ""2026-03-24"", ""role"": ""Teller"", ""role_context"": ""Daily transaction-processing role with moderate customer-record access and normally limited data export activity.""}, ""behaviour_summary"": {""event_count"": 51, ""transaction_count"": 22, ""customer_record_access_count"": 22, ""download_event_count"": 4, ""download_total"": 40, ""records_accessed_total"": 91, ""vip_access_count"": 0, ""failed_login_count"": 0, ""unknown_ip_count"": 0, ""first_activity_hour"": 8.999444444444444, ""last_activity_hour"": 22.60805555555556, ""activity_duration_hours"": 13.608611111111111}, ""ml_evidence"": {""anomaly_score"": 0.6208790421118501, ""threshold"": 0.5341784647040614, ""prediction"": ""Anomaly""}, ""rule_evidence"": {""after_hours"": true, ""large_export"": true, ""high_record_access"": true, ""rules_triggered"": 3, ""prediction"": ""Anomaly""}}",all_high,,,,,
experiment_1,T009|2026-03-27|Teller,T009,2026-03-27,Teller,High,Escalate,"The user-day shows multiple unusual indicators for a Teller: after-hours activity, high record access, and large data exports, with an Isolation Forest anomaly score exceeding the threshold and 3 triggered rules. These indicators co-occur with a long activity window and substantial record/download counts. They warrant sustained contextual review but do not confirm any malicious intent.","Anomaly score 0.6236 (threshold 0.5342) with prediction Anomaly from Isolation Forest. | Deterministic rules triggered: after_hours=true, large_export=true, high_record_access=true (3 rules); overall prediction Anomaly. | Activity window 8.46 to 21.52 hours (~13.05 h); records_accessed_total=97; download_event_count=5 (download_total=32); transaction_count=20; event_count=45; failed_login_count=0.","Teller role with daily transaction-processing and normally limited data export activity. The anomalies should be interpreted in light of the role's typical access scope, as large exports and after-hours activity are not common for this role.","The evidence does not establish intent or business justification for after-hours exports. Without additional context (e.g., task justification, approvals, or related customer activity), a determination about misuse cannot be made.","Escalate for contextual security review. Seek business justification for after-hours large exports and high record access; correlate with task assignments and approvals, and review related audit logs for supporting evidence.","{""employee_context"": {""user_id"": ""T009"", ""date"": ""2026-03-27"", ""role"": ""Teller"", ""role_context"": ""Daily transaction-processing role with moderate customer-record access and normally limited data export activity.""}, ""behaviour_summary"": {""event_count"": 45, ""transaction_count"": 20, ""customer_record_access_count"": 17, ""download_event_count"": 5, ""download_total"": 32, ""records_accessed_total"": 97, ""vip_access_count"": 0, ""failed_login_count"": 0, ""unknown_ip_count"": 0, ""first_activity_hour"": 8.464722222222221, ""last_activity_hour"": 21.516666666666666, ""activity_duration_hours"": 13.051944444444445}, ""ml_evidence"": {""anomaly_score"": 0.6236136687852061, ""threshold"": 0.5341784647040614, ""prediction"": ""Anomaly""}, ""rule_evidence"": {""after_hours"": true, ""large_export"": true, ""high_record_access"": true, ""rules_triggered"": 3, ""prediction"": ""Anomaly""}}",all_high,,,,,
experiment_2,C007|2026-03-19|Customer Service,C007,2026-03-19,Customer Service,High,Escalate,"Observations indicate an Isolation Forest anomaly score above threshold and three deterministic rules triggered (after_hours, large_export, high_record_access). The activity includes 110 records accessed (29 customer records) and 9 download events (total 49) over about 11.25 hours, with at least partial after-hours activity. These indicators require contextual interpretation and do not establish intent or breach, but warrant review given potential data-access/export patterns for a Customer Service role.","Anomaly score 0.6630570963415781 exceeds threshold 0.5521464960734026 (Prediction: Anomaly). | Deterministic rules triggered: after_hours = true, large_export = true, high_record_access = true (Prediction: Anomaly). | Role context: Customer Service with relatively high customer-record access. | Behaviour metrics: 110 records accessed, 29 customer-record accesses, 9 downloads totaling 49 units over ~11.25 hours.","As a Customer Service role with relatively high-record-access exposure, some data access is expected, but the combination here raises review needs.",The evidence cannot establish business justification for large_export or whether exports were customer-driven. It also cannot determine whether this pattern represents a routine exception or potential risk without additional context.,"Initiate contextual review with the data-access owner to verify export reasons and customer requests, and cross-check against any approved tasks. Consider supervisor awareness and, if appropriate, tighten after-hours monitoring for data-export activity specific to this role.","{""employee_context"": {""user_id"": ""C007"", ""date"": ""2026-03-19"", ""role"": ""Customer Service"", ""role_context"": ""Customer enquiry and account-maintenance role with relatively high customer-record access and limited data export activity.""}, ""behaviour_summary"": {""event_count"": 45, ""transaction_count"": 4, ""customer_record_access_count"": 29, ""download_event_count"": 9, ""download_total"": 49, ""records_accessed_total"": 110, ""vip_access_count"": 4, ""failed_login_count"": 0, ""unknown_ip_count"": 0, ""first_activity_hour"": 8.458055555555555, ""last_activity_hour"": 19.70694444444444, ""activity_duration_hours"": 11.248888888888889}, ""ml_evidence"": {""anomaly_score"": 0.6630570963415781, ""threshold"": 0.5521464960734026, ""prediction"": ""Anomaly""}, ""rule_evidence"": {""after_hours"": true, ""large_export"": true, ""high_record_access"": true, ""rules_triggered"": 3, ""prediction"": ""Anomaly""}}",all_high,,,,,
experiment_2,C009|2026-03-17|Customer Service,C009,2026-03-17,Customer Service,High,Escalate,"The user shows multiple unusual indicators for a Customer Service role: an anomaly score above the detector threshold and three triggered rules (after_hours, large_export, high_record_access). The activity includes 113 records accessed and 11 downloads (40 total) across ~10.7 hours with after-hours timing. Together, these indicators warrant analyst review to determine potential business justification and need for further investigation.","Anomaly score: 0.6197 exceeds threshold 0.5521 (prediction: Anomaly). | Three rules triggered: after_hours, large_export, high_record_access (prediction: Anomaly). | Downloads: 11 events totaling 40; records accessed: 113 across 22 customer records. | Activity window: 08:12 to 18:57 (~10.74 hours) with after-hours component.",Customer Service role with relatively high customer-record access and limited data export activity provides a baseline where large exports and high record access are noteworthy. The after-hours component compounds the need for contextual interpretation rather than immediate conclusions.,"The evidence does not establish business justification for the export or access patterns. No determination can be made about intent, breach, or policy violations from the supplied data alone.","Conduct a targeted contextual review: verify the necessity of the downloads and record access in relation to customer inquiries, and check for any data-export recipients or external sharing. Consider corroborating with supervisor guidance and additional logs to determine if escalation is warranted.","{""employee_context"": {""user_id"": ""C009"", ""date"": ""2026-03-17"", ""role"": ""Customer Service"", ""role_context"": ""Customer enquiry and account-maintenance role with relatively high customer-record access and limited data export activity.""}, ""behaviour_summary"": {""event_count"": 40, ""transaction_count"": 4, ""customer_record_access_count"": 22, ""download_event_count"": 11, ""download_total"": 40, ""records_accessed_total"": 113, ""vip_access_count"": 0, ""failed_login_count"": 0, ""unknown_ip_count"": 0, ""first_activity_hour"": 8.210833333333333, ""last_activity_hour"": 18.950555555555557, ""activity_duration_hours"": 10.739722222222222}, ""ml_evidence"": {""anomaly_score"": 0.6196825100762939, ""threshold"": 0.5521464960734026, ""prediction"": ""Anomaly""}, ""rule_evidence"": {""after_hours"": true, ""large_export"": true, ""high_record_access"": true, ""rules_triggered"": 3, ""prediction"": ""Anomaly""}}",all_high,,,,,
experiment_2,T004|2026-03-20|Teller,T004,2026-03-20,Teller,High,Escalate,"For a Teller, the day shows substantial data access and export activity. The ML detector reports an anomaly (score 0.6324 above threshold 0.5342) and three deterministic rules fired (after_hours, large_export, high_record_access). This combination indicates unusual activity requiring contextual security review, not a conclusion of malice.","ML anomaly score 0.6324 vs threshold 0.5342; prediction: Anomaly. | Deterministic rules triggered: after_hours, large_export, high_record_access; total rules triggered: 3; prediction: Anomaly. | Access/export activity: 68 records accessed, 27 downloaded across 5 export events; VIP access count: 1.",Role: Teller with daily transaction processing and moderate customer-record access; normally limited data export activity. This context makes large exports and VIP access noteworthy and warrants scrutiny.,"Cannot determine business justification or intent from the provided evidence. Additional context about tasks, customer requests, or approved activities is not provided.","Flag this case for security review and initiate a targeted audit of export and access patterns for this user-day, including session timelines and VIP-access events. If available, verify any legitimate business justification for after-hours activity and data exports.","{""employee_context"": {""user_id"": ""T004"", ""date"": ""2026-03-20"", ""role"": ""Teller"", ""role_context"": ""Daily transaction-processing role with moderate customer-record access and normally limited data export activity.""}, ""behaviour_summary"": {""event_count"": 48, ""transaction_count"": 19, ""customer_record_access_count"": 21, ""download_event_count"": 5, ""download_total"": 27, ""records_accessed_total"": 68, ""vip_access_count"": 1, ""failed_login_count"": 0, ""unknown_ip_count"": 0, ""first_activity_hour"": 8.622777777777777, ""last_activity_hour"": 19.440555555555555, ""activity_duration_hours"": 10.817777777777778}, ""ml_evidence"": {""anomaly_score"": 0.6324260144301695, ""threshold"": 0.5341784647040614, ""prediction"": ""Anomaly""}, ""rule_evidence"": {""after_hours"": true, ""large_export"": true, ""high_record_access"": true, ""rules_triggered"": 3, ""prediction"": ""Anomaly""}}",all_high,,,,,
experiment_2,T006|2026-03-18|Teller,T006,2026-03-18,Teller,High,Escalate,"The behaviour shows after-hours access, a relatively large data export, and elevated record access in a Teller role, supported by an anomaly score exceeding the threshold and three triggered rules. These indicators merit analyst review to contextualize the activity but do not prove malicious intent.","Anomaly score 0.6151 exceeds threshold 0.5341; prediction 'Anomaly'. | Deterministic rules triggered: after_hours, large_export, high_record_access (3 rules total); prediction 'Anomaly'. | Activity spans from first_hour 9.01 to last_hour 19.55 (duration ~10.55 hours) with after-hours flag. | Downloads total 28 across 5 download events; records_accessed_total 66; customer_record_access_count 20.",Teller role with normally limited data export activity; unusual after-hours export and elevated record access relative to expected norms for this role increase the need for contextual review.,"Cannot determine business justification or destination of exports from provided data; baseline behavior for this exact role isn't supplied, so interpretation is constrained.",Initiate targeted review: verify business justification and supervisory approvals for exports; inspect export destinations and data sensitivity; correlate with session logs and access trails; consider elevating to a security-focused investigation for further context.,"{""employee_context"": {""user_id"": ""T006"", ""date"": ""2026-03-18"", ""role"": ""Teller"", ""role_context"": ""Daily transaction-processing role with moderate customer-record access and normally limited data export activity.""}, ""behaviour_summary"": {""event_count"": 47, ""transaction_count"": 19, ""customer_record_access_count"": 20, ""download_event_count"": 5, ""download_total"": 28, ""records_accessed_total"": 66, ""vip_access_count"": 0, ""failed_login_count"": 0, ""unknown_ip_count"": 0, ""first_activity_hour"": 9.005277777777778, ""last_activity_hour"": 19.554722222222225, ""activity_duration_hours"": 10.549444444444443}, ""ml_evidence"": {""anomaly_score"": 0.6151120224851427, ""threshold"": 0.5341784647040614, ""prediction"": ""Anomaly""}, ""rule_evidence"": {""after_hours"": true, ""large_export"": true, ""high_record_access"": true, ""rules_triggered"": 3, ""prediction"": ""Anomaly""}}",all_high,,,,,
experiment_2,T006|2026-03-24|Teller,T006,2026-03-24,Teller,High,Escalate,"For user T006 (Teller), day activity shows elevated customer-record access and data export activity with an anomaly score above threshold. Deterministic rules also fired for after-hours and high-access/large-export, indicating unusual usage relative to the role. These indicators warrant a security-reviewed contextual investigation while avoiding assumptions about intent.",Anomaly score 0.6154855029934234 vs threshold 0.5341784647040614; Prediction: Anomaly | after_hours: true | large_export: true | rules_triggered: 3,Teller role with moderate customer-record access and normally limited data export activity; observed pattern represents deviation from that expectation.,Cannot determine business justification from provided data; no evidence of policy or baseline for this role-day is included.,"Conduct targeted log correlation for the period, review which customer records were accessed and which exports occurred, and verify any legitimate business justification; if none is found, escalate to security for contextual review.","{""employee_context"": {""user_id"": ""T006"", ""date"": ""2026-03-24"", ""role"": ""Teller"", ""role_context"": ""Daily transaction-processing role with moderate customer-record access and normally limited data export activity.""}, ""behaviour_summary"": {""event_count"": 51, ""transaction_count"": 22, ""customer_record_access_count"": 22, ""download_event_count"": 4, ""download_total"": 26, ""records_accessed_total"": 68, ""vip_access_count"": 0, ""failed_login_count"": 0, ""unknown_ip_count"": 0, ""first_activity_hour"": 8.999444444444444, ""last_activity_hour"": 18.980833333333333, ""activity_duration_hours"": 9.981388888888889}, ""ml_evidence"": {""anomaly_score"": 0.6154855029934234, ""threshold"": 0.5341784647040614, ""prediction"": ""Anomaly""}, ""rule_evidence"": {""after_hours"": true, ""large_export"": true, ""high_record_access"": true, ""rules_triggered"": 3, ""prediction"": ""Anomaly""}}",all_high,,,,,
experiment_2,T009|2026-03-27|Teller,T009,2026-03-27,Teller,High,Escalate,"The ML model flags an anomaly (score 0.6081, above threshold 0.5342). Three deterministic rules are triggered (after_hours, large_export, high_record_access), indicating unusual access/export activity. Combined with 78 records accessed and 22 total export events across an 11-hour window, this merits a security review given teller role and after-hours context.",ML anomaly_score = 0.6081336492100662; threshold = 0.5341784647040614; prediction = Anomaly | after_hours = true (rule_evidence) | large_export = true (rule_evidence) | high_record_access = true (rule_evidence),"Teller role with moderate customer-record access and normally limited data export activity; the observed large export and high record access are atypical for this role. This context supports interpreting the indicators as requiring review, not attribution of wrongdoing.",There is no business justification or customer-transaction context provided to explain the activity. Anomaly and rule triggers do not establish intent or causation.,"Escalate for security review; request contextual information from the employee and supervisor, verify whether data exports and record access were authorized, and inspect the content and recipients of the exports.","{""employee_context"": {""user_id"": ""T009"", ""date"": ""2026-03-27"", ""role"": ""Teller"", ""role_context"": ""Daily transaction-processing role with moderate customer-record access and normally limited data export activity.""}, ""behaviour_summary"": {""event_count"": 45, ""transaction_count"": 20, ""customer_record_access_count"": 17, ""download_event_count"": 5, ""download_total"": 22, ""records_accessed_total"": 78, ""vip_access_count"": 0, ""failed_login_count"": 0, ""unknown_ip_count"": 0, ""first_activity_hour"": 8.464722222222221, ""last_activity_hour"": 19.519166666666667, ""activity_duration_hours"": 11.054444444444444}, ""ml_evidence"": {""anomaly_score"": 0.6081336492100662, ""threshold"": 0.5341784647040614, ""prediction"": ""Anomaly""}, ""rule_evidence"": {""after_hours"": true, ""large_export"": true, ""high_record_access"": true, ""rules_triggered"": 3, ""prediction"": ""Anomaly""}}",all_high,,,,,
experiment_3,C006|2026-03-16|Customer Service,C006,2026-03-16,Customer Service,High,Escalate,"Isolation Forest flagged an anomaly for user C006 with score 0.615 (threshold 0.552). Deterministic rules also triggered after_hours, large_export, and high_record_access (3 rules). Combined with 9.64 hours of activity including 89 records accessed and 5 export events, the pattern is unusual for this Customer Service role.","Isolation Forest anomaly_score=0.6151577277152549 (threshold=0.5521464960734026); prediction: Anomaly | Deterministic rules triggered: after_hours=true, large_export=true, high_record_access=true; rules_triggered=3; prediction: Anomaly | Behavioural summary: event_count=45, transaction_count=7, customer_record_access_count=30, download_event_count=5, download_total=35, records_accessed_total=89; activity_duration_hours=9.6436 | Activity window: first_activity_hour=8.179..., last_activity_hour=17.8227...","Role is Customer Service with relatively high customer-record access and limited data export activity. This context makes high-record-access indicators potentially routine, but the combination with export activity and rule-based triggers increases interpretive significance.",The anomaly signal does not establish intent or attribution; no evidence of data exfiltration or policy violation is provided. The observed after_hours indicator may reflect system labels or task timing not fully aligned with the stated workday.,"Perform a targeted security review of the day's access to customer records and data exports for this user; verify task justification and authorization, and correlate with call/ticket logs and supervisor approvals before proceeding.","{""employee_context"": {""user_id"": ""C006"", ""date"": ""2026-03-16"", ""role"": ""Customer Service"", ""role_context"": ""Customer enquiry and account-maintenance role with relatively high customer-record access and limited data export activity.""}, ""behaviour_summary"": {""event_count"": 45, ""transaction_count"": 7, ""customer_record_access_count"": 30, ""download_event_count"": 5, ""download_total"": 35, ""records_accessed_total"": 89, ""vip_access_count"": 0, ""failed_login_count"": 0, ""unknown_ip_count"": 0, ""first_activity_hour"": 8.179166666666665, ""last_activity_hour"": 17.822777777777777, ""activity_duration_hours"": 9.643611111111111}, ""ml_evidence"": {""anomaly_score"": 0.6151577277152549, ""threshold"": 0.5521464960734026, ""prediction"": ""Anomaly""}, ""rule_evidence"": {""after_hours"": true, ""large_export"": true, ""high_record_access"": true, ""rules_triggered"": 3, ""prediction"": ""Anomaly""}}",all_high,,,,,
experiment_3,C009|2026-03-17|Customer Service,C009,2026-03-17,Customer Service,High,Escalate,"Customer Service user C009 shows a pattern of elevated access to customer records and multiple downloads across a ~9.5 hour window. Both ML (anomaly score above threshold; Anomaly) and deterministic rules (after_hours, high_record_access; 2 rules) indicate unusual activity. While these indicators suggest potential concern, they do not prove malicious intent or a breach and require contextual review.",Anomaly score 0.5614794592092001 exceeds threshold 0.5521464960734026. | ML evidence predicts an Anomaly. | Rule evidence: after_hours = true. | Rule evidence: high_record_access = true (rules_triggered = 2).,"Role is Customer Service with relatively high access to customer records and limited data export activity. This context means elevated record access can be expected, but the combination with other indicators requires interpretation within duties of this role.","Cannot determine the intent or whether an actual policy violation occurred from the provided data alone. Without baseline and task-level justification, we cannot confirm data sensitivity or appropriateness of the specific accesses and downloads.","Perform a focused audit of the accessed records and downloads for the day, validating task alignment with documented duties. If discrepancies or unsanctioned activity are found, escalate for a security review and involve the supervisor to determine next steps.","{""employee_context"": {""user_id"": ""C009"", ""date"": ""2026-03-17"", ""role"": ""Customer Service"", ""role_context"": ""Customer enquiry and account-maintenance role with relatively high customer-record access and limited data export activity.""}, ""behaviour_summary"": {""event_count"": 40, ""transaction_count"": 4, ""customer_record_access_count"": 22, ""download_event_count"": 11, ""download_total"": 30, ""records_accessed_total"": 93, ""vip_access_count"": 0, ""failed_login_count"": 0, ""unknown_ip_count"": 0, ""first_activity_hour"": 8.210833333333333, ""last_activity_hour"": 17.67777777777778, ""activity_duration_hours"": 9.466944444444444}, ""ml_evidence"": {""anomaly_score"": 0.5614794592092001, ""threshold"": 0.5521464960734026, ""prediction"": ""Anomaly""}, ""rule_evidence"": {""after_hours"": true, ""large_export"": false, ""high_record_access"": true, ""rules_triggered"": 2, ""prediction"": ""Anomaly""}}",all_high,,,,,
experiment_1,C005|2026-03-26|Customer Service,C005,2026-03-26,Customer Service,Medium,Review,"The deterministic rule flags high-record-access with a single trigger, while the ML isolation forest predicts normal. Role context indicates high access is plausible for Customer Service, but overall access volume is notable. No after-hours activity or failed logins observed.","ML evidence: anomaly_score 0.4922792114251755, threshold 0.5521464960734026, prediction Normal. | Deterministic rule evidence: high_record_access true, rules_triggered 1, prediction Anomaly. | Behaviour summary: 36 customer_record_access_count and 93 records accessed across ~7.9 hours (8:35 to 16:29), with 47 events; failed_login_count 0; after_hours false. | Download activity: 5 download events, total 9; vip_access_count 1; no unknown_ip.",Customer Service role involves enquiries and account maintenance with relatively high access to customer records. This context moderates interpretation of high-record-access and reduces immediate suspicion.,"Despite a deterministic rule trigger, it's not conclusive evidence of risk given the ML model is Normal. The underlying business justification or customer interactions driving high-record-access cannot be determined from the supplied data.","Initiate a targeted review focusing on the high-record-access event pattern for this user and compare against role-based baselines. If available, correlate with recent customer interactions and data-access policies; consider additional monitoring for this user day.","{""employee_context"": {""user_id"": ""C005"", ""date"": ""2026-03-26"", ""role"": ""Customer Service"", ""role_context"": ""Customer enquiry and account-maintenance role with relatively high customer-record access and limited data export activity.""}, ""behaviour_summary"": {""event_count"": 47, ""transaction_count"": 4, ""customer_record_access_count"": 36, ""download_event_count"": 5, ""download_total"": 9, ""records_accessed_total"": 93, ""vip_access_count"": 1, ""failed_login_count"": 0, ""unknown_ip_count"": 0, ""first_activity_hour"": 8.586944444444445, ""last_activity_hour"": 16.485277777777778, ""activity_duration_hours"": 7.898333333333333}, ""ml_evidence"": {""anomaly_score"": 0.4922792114251755, ""threshold"": 0.5521464960734026, ""prediction"": ""Normal""}, ""rule_evidence"": {""after_hours"": false, ""large_export"": false, ""high_record_access"": true, ""rules_triggered"": 1, ""prediction"": ""Anomaly""}}",medium_random_sample,,,,,
experiment_1,M001|2026-03-23|Manager,M001,2026-03-23,Manager,Medium,Review,ML anomaly score slightly above threshold and a deterministic rule flagged high record access for a Manager with notable export activity. This indicates unusual patterns worth review but does not confirm malicious intent.,"ML anomaly score 0.5434 exceeds threshold 0.5379 -> Anomaly | Deterministic rule triggered: high_record_access (rules_triggered: 1) -> Anomaly | Activity indicators: 22 customer_record_accesses, 12 download_events totaling 55, 72 records accessed over ~8.7 hours (08:35–17:18)",Manager role with moderate customer-record access and higher reporting/export activity; this context can influence expectations for access and export patterns.,Cannot determine the business justification for high record access/downloads from the provided data. No evidence of credential compromise or external access indicators beyond the supplied logs.,"Conduct a targeted review of the access and download events for this user-day, focusing on the time window of high-record-access and data-export activity. Verify legitimacy with the business unit and consult related logs or approvals if available.","{""employee_context"": {""user_id"": ""M001"", ""date"": ""2026-03-23"", ""role"": ""Manager"", ""role_context"": ""Operational supervision role with moderate customer-record access and comparatively higher reporting and data export activity.""}, ""behaviour_summary"": {""event_count"": 40, ""transaction_count"": 4, ""customer_record_access_count"": 22, ""download_event_count"": 12, ""download_total"": 55, ""records_accessed_total"": 72, ""vip_access_count"": 3, ""failed_login_count"": 0, ""unknown_ip_count"": 0, ""first_activity_hour"": 8.589722222222223, ""last_activity_hour"": 17.301111111111112, ""activity_duration_hours"": 8.711388888888889}, ""ml_evidence"": {""anomaly_score"": 0.5434304082831661, ""threshold"": 0.5379024781433652, ""prediction"": ""Anomaly""}, ""rule_evidence"": {""after_hours"": false, ""large_export"": false, ""high_record_access"": true, ""rules_triggered"": 1, ""prediction"": ""Anomaly""}}",medium_random_sample,,,,,
experiment_1,C008|2026-03-25|Customer Service,C008,2026-03-25,Customer Service,Medium,Review,"Although the ML model labeled the day as Normal, the deterministic rule flagged a large export event, and the employee accessed a high number of customer records (28) and total records (71) within 7.7 hours. This mixed signal suggests an anomaly worth human review, but there is no evidence of failed logins or external IPs. The situation requires contextual interpretation to determine whether the export is legitimate within the role.","ML anomaly_score: 0.4688 (below threshold 0.5521); prediction: Normal | Deterministic rule: large_export = true triggered (rules_triggered: 1); prediction: Anomaly | Role-appropriate access: 28 customer-record accesses; 71 total records accessed; 6 downloads totaling 70 units over ~7.71 hours; no failed logins or unknown IPs | Activity window: first_activity_hour ~9.09, last_activity_hour ~16.80 (duration ~7.71 hours)","Customer Service role with relatively high customer-record access and limited data export activity; this context makes high record access more common, but a large export signal is noteworthy and warrants review.",Cannot determine intent or business justification for the large export from the supplied data alone. No evidence of compromise or external access indicators; additional context is required.,"Conduct a targeted review of the large export event: verify export content, destination, and business justification; confirm alignment with role permissions and recent requests. Consider enhanced monitoring or temporary throttling if warranted.","{""employee_context"": {""user_id"": ""C008"", ""date"": ""2026-03-25"", ""role"": ""Customer Service"", ""role_context"": ""Customer enquiry and account-maintenance role with relatively high customer-record access and limited data export activity.""}, ""behaviour_summary"": {""event_count"": 40, ""transaction_count"": 4, ""customer_record_access_count"": 28, ""download_event_count"": 6, ""download_total"": 70, ""records_accessed_total"": 71, ""vip_access_count"": 1, ""failed_login_count"": 0, ""unknown_ip_count"": 0, ""first_activity_hour"": 9.089722222222225, ""last_activity_hour"": 16.798333333333336, ""activity_duration_hours"": 7.708611111111111}, ""ml_evidence"": {""anomaly_score"": 0.4687541548684591, ""threshold"": 0.5521464960734026, ""prediction"": ""Normal""}, ""rule_evidence"": {""after_hours"": false, ""large_export"": true, ""high_record_access"": false, ""rules_triggered"": 1, ""prediction"": ""Anomaly""}}",medium_random_sample,,,,,
experiment_1,T010|2026-03-24|Teller,T010,2026-03-24,Teller,Medium,Review,ML anomaly_score 0.482 (below threshold 0.534) with a Normal prediction. Deterministic rule triggered for large_export (true) with one rule evaluation predicting Anomaly. The combination yields mixed signals requiring contextual review to determine if the export activity aligns with teller duties.,ML evidence: anomaly_score=0.4821481918432446; threshold=0.5341784647040614; prediction=Normal | Rule evidence: after_hours=false; large_export=true; high_record_access=false; rules_triggered=1; prediction=Anomaly | downloads: download_event_count=6; download_total=48 | records accessed: customer_record_access_count=23; records_accessed_total=45; activity_duration_hours=7.82,Teller role with daily transaction-processing duties and moderate customer-record access; normally limited data export activity. The observed large-export signal should be interpreted in the context of teller duties to avoid over-interpretation of routine tasks as suspicious.,"Cannot determine intent or data contents of the export without additional details (contents, destination, or business justification). The ML and rule signals are not conclusive on their own and do not prove malicious activity.","Escalate to a routine security review focusing on the large_export event; verify export contents, destination, and whether this aligns with Teller duties. If needed, coordinate with data-access owner or supervisor and adjust export controls pending review.","{""employee_context"": {""user_id"": ""T010"", ""date"": ""2026-03-24"", ""role"": ""Teller"", ""role_context"": ""Daily transaction-processing role with moderate customer-record access and normally limited data export activity.""}, ""behaviour_summary"": {""event_count"": 46, ""transaction_count"": 15, ""customer_record_access_count"": 23, ""download_event_count"": 6, ""download_total"": 48, ""records_accessed_total"": 45, ""vip_access_count"": 0, ""failed_login_count"": 0, ""unknown_ip_count"": 0, ""first_activity_hour"": 8.780833333333334, ""last_activity_hour"": 16.600833333333334, ""activity_duration_hours"": 7.82}, ""ml_evidence"": {""anomaly_score"": 0.4821481918432446, ""threshold"": 0.5341784647040614, ""prediction"": ""Normal""}, ""rule_evidence"": {""after_hours"": false, ""large_export"": true, ""high_record_access"": false, ""rules_triggered"": 1, ""prediction"": ""Anomaly""}}",medium_random_sample,,,,,
experiment_1,T007|2026-03-17|Teller,T007,2026-03-17,Teller,Medium,Review,"ML anomaly score 0.541 exceeds threshold 0.534; model predicts Anomaly for a Teller with 8.41 hours of activity (08:42–17:07), 16 transactions, 9 records accessed, and 5 downloads. Deterministic rules show no triggers (after_hours, large_export, high_record_access all false). Evidence is not conclusive of misuse and merits contextual review.",ML anomaly_score: 0.5410696807608922; threshold: 0.5341784647040614; prediction: Anomaly | Rule_evidence: after_hours=false; large_export=false; high_record_access=false; rules_triggered=0; prediction: Normal | download_event_count=5; download_total=9; records_accessed_total=9; transaction_count=16; customer_record_access_count=6 | first_activity_hour=8.7061; last_activity_hour=17.1164; activity_duration_hours=8.4103,"Teller role involves daily transaction processing with moderate customer-record access and normally limited data export activity. This context suggests that export activity should be limited, making the observed downloads noteworthy for contextual review rather than automatic inference.",Anomaly does not prove improper behavior; no direct justification for the downloads is provided. The absence of rule triggers cannot rule out legitimate business activity without additional context.,"Perform a targeted review of the 5 download events and 9 records accessed for this day to confirm business justification and need-to-know. If justification is unclear, escalate for supervisor clearance and document findings; avoid conclusions about intent based solely on this data.","{""employee_context"": {""user_id"": ""T007"", ""date"": ""2026-03-17"", ""role"": ""Teller"", ""role_context"": ""Daily transaction-processing role with moderate customer-record access and normally limited data export activity.""}, ""behaviour_summary"": {""event_count"": 29, ""transaction_count"": 16, ""customer_record_access_count"": 6, ""download_event_count"": 5, ""download_total"": 9, ""records_accessed_total"": 9, ""vip_access_count"": 0, ""failed_login_count"": 0, ""unknown_ip_count"": 0, ""first_activity_hour"": 8.70611111111111, ""last_activity_hour"": 17.116388888888892, ""activity_duration_hours"": 8.410277777777777}, ""ml_evidence"": {""anomaly_score"": 0.5410696807608922, ""threshold"": 0.5341784647040614, ""prediction"": ""Anomaly""}, ""rule_evidence"": {""after_hours"": false, ""large_export"": false, ""high_record_access"": false, ""rules_triggered"": 0, ""prediction"": ""Normal""}}",medium_random_sample,,,,,
experiment_2,T008|2026-03-23|Teller,T008,2026-03-23,Teller,Medium,Review,"The ML detector indicates Normal status (anomaly_score 0.5244 vs threshold 0.5342). The deterministic rule flagged a large export (large_export: true) with one rule triggered, marking the event as Anomaly. Overall, indicators suggest a potentially unusual data-export activity that merits contextual review but do not confirm misuse.","ml_evidence: anomaly_score=0.5244, threshold=0.5342, prediction=Normal | rule_evidence: large_export=true, rules_triggered=1, prediction=Anomaly | behaviour_summary: download_event_count=4, download_total=27, records_accessed_total=26, activity_duration_hours=7.67, first_activity_hour=8.94, last_activity_hour=16.61",Teller role with moderate customer-record access and limited data export activity. Large_export event is potentially atypical for this role and warrants contextual interpretation.,We cannot determine business justification for the export or whether any customer data was exposed. The evidence does not establish intent or confirm data exfiltration.,"Conduct a targeted review of the 4 download events and associated 26 record accesses to determine whether there was approved business justification and to identify any abnormal export patterns. If justification is not found, escalate for security/supervisory review.","{""employee_context"": {""user_id"": ""T008"", ""date"": ""2026-03-23"", ""role"": ""Teller"", ""role_context"": ""Daily transaction-processing role with moderate customer-record access and normally limited data export activity.""}, ""behaviour_summary"": {""event_count"": 36, ""transaction_count"": 19, ""customer_record_access_count"": 11, ""download_event_count"": 4, ""download_total"": 27, ""records_accessed_total"": 26, ""vip_access_count"": 0, ""failed_login_count"": 0, ""unknown_ip_count"": 0, ""first_activity_hour"": 8.935, ""last_activity_hour"": 16.609722222222224, ""activity_duration_hours"": 7.674722222222222}, ""ml_evidence"": {""anomaly_score"": 0.5244399611412179, ""threshold"": 0.5341784647040614, ""prediction"": ""Normal""}, ""rule_evidence"": {""after_hours"": false, ""large_export"": true, ""high_record_access"": false, ""rules_triggered"": 1, ""prediction"": ""Anomaly""}}",medium_random_sample,,,,,
experiment_2,C009|2026-03-16|Customer Service,C009,2026-03-16,Customer Service,Medium,Review,"The user accessed 57 records and initiated 15 downloads (total 39) across ~8.5 hours, including a large export. The ML detector labeled the behavior Normal, while a deterministic rule flagged an Anomaly due to the large export; no after-hours activity or failed logins were observed. This combination warrants a contextual review to assess business justification for the export.",large_export: true | anomaly_score: 0.5262871392739479 with threshold 0.5521464960734026; prediction: Normal | rules_triggered: 1; prediction: Anomaly | customer_record_access_count: 23; records_accessed_total: 57; download_event_count: 15; download_total: 39,Role is Customer Service with relatively high access to customer records and limited data export activity. A large export in this context is more noteworthy and should be interpreted with business justification in mind.,We cannot determine the business justification for the large export from the provided data. We cannot confirm whether the export was legitimate activity or indicate the data types involved without additional context.,"Initiate a targeted review of the session: retrieve export metadata and destinations, and verify any business justification or ticketed request for the export. If justification is unclear or unsupported, escalate for further investigation and correlate with other security controls.","{""employee_context"": {""user_id"": ""C009"", ""date"": ""2026-03-16"", ""role"": ""Customer Service"", ""role_context"": ""Customer enquiry and account-maintenance role with relatively high customer-record access and limited data export activity.""}, ""behaviour_summary"": {""event_count"": 43, ""transaction_count"": 3, ""customer_record_access_count"": 23, ""download_event_count"": 15, ""download_total"": 39, ""records_accessed_total"": 57, ""vip_access_count"": 1, ""failed_login_count"": 0, ""unknown_ip_count"": 0, ""first_activity_hour"": 8.661944444444444, ""last_activity_hour"": 17.126944444444444, ""activity_duration_hours"": 8.465}, ""ml_evidence"": {""anomaly_score"": 0.5262871392739479, ""threshold"": 0.5521464960734026, ""prediction"": ""Normal""}, ""rule_evidence"": {""after_hours"": false, ""large_export"": true, ""high_record_access"": false, ""rules_triggered"": 1, ""prediction"": ""Anomaly""}}",medium_random_sample,,,,,
experiment_2,T002|2026-03-27|Teller,T002,2026-03-27,Teller,Medium,Review,"The Isolation Forest score (0.5001) is below the 0.5342 threshold and predicted Normal. The deterministic rule flagged high_record_access (1 rule triggered) with an Anomaly prediction, while after_hours is false. Given conflicting signals in a Teller role with substantial record access, a review is warranted.","Isolation Forest: anomaly_score 0.5001026305683653, threshold 0.5341784647040614, prediction Normal | Deterministic rule: high_record_access true; rules_triggered 1; prediction Anomaly; after_hours false | Behavioral metrics: 84 records accessed total; 26 customer-record accesses; 12 transactions; 3 downloads (total 8); activity window 09:00–17:00 (~8 hours)","Teller role with daily transaction processing and moderate customer-record access; access to customer records is common in this role, but the high_record_access trigger requires contextual review.","Evidence shows conflicting signals between the ML model and deterministic rule; without additional context or logs, the exact cause of the high-record-access trigger cannot be determined.","Perform a targeted review of the high-record-access event to verify legitimate business purpose and cross-check with supervisor-approved activities; if no justification is found, proceed with routine follow-up.","{""employee_context"": {""user_id"": ""T002"", ""date"": ""2026-03-27"", ""role"": ""Teller"", ""role_context"": ""Daily transaction-processing role with moderate customer-record access and normally limited data export activity.""}, ""behaviour_summary"": {""event_count"": 43, ""transaction_count"": 12, ""customer_record_access_count"": 26, ""download_event_count"": 3, ""download_total"": 8, ""records_accessed_total"": 84, ""vip_access_count"": 0, ""failed_login_count"": 0, ""unknown_ip_count"": 0, ""first_activity_hour"": 9.030277777777778, ""last_activity_hour"": 17.019166666666667, ""activity_duration_hours"": 7.988888888888889}, ""ml_evidence"": {""anomaly_score"": 0.5001026305683653, ""threshold"": 0.5341784647040614, ""prediction"": ""Normal""}, ""rule_evidence"": {""after_hours"": false, ""large_export"": false, ""high_record_access"": true, ""rules_triggered"": 1, ""prediction"": ""Anomaly""}}",medium_random_sample,,,,,
experiment_2,M002|2026-03-20|Manager,M002,2026-03-20,Manager,Medium,Review,"The behaviour shows elevated data export and high-record access with after-hours activity. An Isolation Forest anomaly score exceeded threshold and 3 deterministic rules fired, indicating multiple unusual indicators for this role. While not proof of malicious activity, the combination warrants contextual review.",ML anomaly score 0.6201 with threshold 0.5379; prediction: Anomaly. | After-hours activity detected (after_hours: true). | Large export activity detected (large_export: true) and high record access detected (high_record_access: true); rules_triggered: 3. | User role: Manager with comparatively higher reporting/data export activity; 10 download events totaling 110 and 11 customer-record accesses.,The Manager role involves operational supervision with data export duties; this context can explain higher export/reporting activity and informs interpretation of anomalies as potentially business-driven rather than unusual. It reduces certainty that this is suspicious without corroborating business justification.,Cannot determine from the provided data whether the export actions were authorized or justified; cannot confirm intent or policy compliance.,"Conduct a focused review of the specific export events and customer-record access to verify authorization and business justification; correlate with the employee's tasks and after-hours workload, and request a short explanation if needed.","{""employee_context"": {""user_id"": ""M002"", ""date"": ""2026-03-20"", ""role"": ""Manager"", ""role_context"": ""Operational supervision role with moderate customer-record access and comparatively higher reporting and data export activity.""}, ""behaviour_summary"": {""event_count"": 25, ""transaction_count"": 1, ""customer_record_access_count"": 11, ""download_event_count"": 10, ""download_total"": 110, ""records_accessed_total"": 77, ""vip_access_count"": 2, ""failed_login_count"": 0, ""unknown_ip_count"": 0, ""first_activity_hour"": 8.976111111111111, ""last_activity_hour"": 19.971666666666664, ""activity_duration_hours"": 10.995555555555557}, ""ml_evidence"": {""anomaly_score"": 0.6200646013495312, ""threshold"": 0.5379024781433652, ""prediction"": ""Anomaly""}, ""rule_evidence"": {""after_hours"": true, ""large_export"": true, ""high_record_access"": true, ""rules_triggered"": 3, ""prediction"": ""Anomaly""}}",medium_random_sample,,,,,
experiment_2,M007|2026-03-17|Manager,M007,2026-03-17,Manager,Medium,Review,"Manager M007 logged 63 records accessed with 18 customer-records and 9 downloads (41 total) over ~8.4 hours. The deterministic rule triggered a high_record_access anomaly, while the Isolation Forest model labeled the day as Normal. The mixed signals require contextual review to determine if activity aligns with role duties or warrants closer monitoring.",Deterministic rule evidence: high_record_access = true; rules_triggered = 1; rule_prediction = Anomaly. | Isolation Forest evidence: anomaly_score = 0.4626500908361869; threshold = 0.5379024781433652; prediction = Normal. | Behavioral counts: customer_record_access_count = 18; records_accessed_total = 63; download_event_count = 9; download_total = 41; vip_access_count = 2; activity_duration_hours = 8.425555555555556. | No failed_logins; unknown_ip_count = 0.,"Manager role involves moderate access to customer records with higher reporting and data export activity. This context informs interpretation of high_record_access signals as potentially routine workload-driven or benign; nevertheless, it warrants review due to the rule-trigger.",Cannot determine business justification for the high-record-access event without baseline or task-specific context. The evidence does not specify whether the data accessed or exported was required for legitimate reporting tasks.,"Initiate a contextual review focusing on the high_record_access event and recent data-export patterns; verify task ownership, legitimate business justification, and whether VIP-access events align with duties. If needed, corroborate with supervisor or task logs to resolve the discrepancy between the deterministic rule and ML assessment.","{""employee_context"": {""user_id"": ""M007"", ""date"": ""2026-03-17"", ""role"": ""Manager"", ""role_context"": ""Operational supervision role with moderate customer-record access and comparatively higher reporting and data export activity.""}, ""behaviour_summary"": {""event_count"": 31, ""transaction_count"": 2, ""customer_record_access_count"": 18, ""download_event_count"": 9, ""download_total"": 41, ""records_accessed_total"": 63, ""vip_access_count"": 2, ""failed_login_count"": 0, ""unknown_ip_count"": 0, ""first_activity_hour"": 8.152777777777779, ""last_activity_hour"": 16.578333333333333, ""activity_duration_hours"": 8.425555555555556}, ""ml_evidence"": {""anomaly_score"": 0.4626500908361869, ""threshold"": 0.5379024781433652, ""prediction"": ""Normal""}, ""rule_evidence"": {""after_hours"": false, ""large_export"": false, ""high_record_access"": true, ""rules_triggered"": 1, ""prediction"": ""Anomaly""}}",medium_random_sample,,,,,
experiment_3,C002|2026-03-23|Customer Service,C002,2026-03-23,Customer Service,Medium,Review,"ML anomaly score (0.5135) below threshold with a Normal prediction. One deterministic rule flagged after-hours as Anomaly, while large exports and high-record-access rules were not triggered. Activity includes 21 customer-record accesses, 44 total records, and 6 download events (18 total) over ~8.5 hours, warranting analyst review but not concluding wrongdoing.","ml_anomaly_score=0.5135, threshold=0.5521, ml_prediction=Normal | rule_evidence: after_hours=true, rules_triggered=1, rule_prediction=Anomaly, large_export=false, high_record_access=false | customer_record_access_count=21, records_accessed_total=44 | download_event_count=6, download_total=18, activity_duration_hours=8.48",Customer Service role with relatively high access to customer records; this affects interpretation by elevating baseline access for routine inquiries and account maintenance. The detected activity should be weighed against legitimate customer-service tasks before deeming it suspicious.,"We cannot determine the exact business justification for the 21 record accesses and 6 downloads from this data alone. The after-hours flag from rules and the single-rule anomaly need contextual confirmation (policy, tasks, and customer interactions) to assess intent.",Perform a targeted access-and-export review for user C002 to verify legitimate business justification for the accesses and downloads. Consider aligning role-based baselines and auto-alert thresholds to reduce false positives while maintaining scrutiny for after-hours activity.,"{""employee_context"": {""user_id"": ""C002"", ""date"": ""2026-03-23"", ""role"": ""Customer Service"", ""role_context"": ""Customer enquiry and account-maintenance role with relatively high customer-record access and limited data export activity.""}, ""behaviour_summary"": {""event_count"": 34, ""transaction_count"": 5, ""customer_record_access_count"": 21, ""download_event_count"": 6, ""download_total"": 18, ""records_accessed_total"": 44, ""vip_access_count"": 1, ""failed_login_count"": 0, ""unknown_ip_count"": 0, ""first_activity_hour"": 9.309166666666668, ""last_activity_hour"": 17.78777777777778, ""activity_duration_hours"": 8.47861111111111}, ""ml_evidence"": {""anomaly_score"": 0.5135329820180677, ""threshold"": 0.5521464960734026, ""prediction"": ""Normal""}, ""rule_evidence"": {""after_hours"": true, ""large_export"": false, ""high_record_access"": false, ""rules_triggered"": 1, ""prediction"": ""Anomaly""}}",medium_random_sample,,,,,
experiment_3,M010|2026-03-25|Manager,M010,2026-03-25,Manager,Medium,Review,"On 2026-03-25, M010 (Manager) generated 35 events including 19 download events totaling 88 units and 9 customer-record accesses over ~7.95 hours. The Isolation Forest reports the day as Normal (score 0.503, below threshold 0.538). However, a deterministic rule flagged a large export (1 rule triggered) with an Anomaly prediction, suggesting context-dependent review given export activity in a managerial role.",Large export activity detected: 19 downloads total 88; large_export=true. | Isolation Forest: anomaly_score=0.5029; threshold=0.5379; prediction=Normal. | Deterministic rule triggered: rules_triggered=1; after_hours=false; high_record_access=false; large_export=true; rule_prediction=Anomaly. | Activity scope: 35 events over ~7.95 hours; 5 transactions; 9 customer-record accesses; 28 records accessed; vip_access_count=2.,Manager role includes higher reporting/export activity; moderate customer-record access. This context makes large export activity more plausible but still warrants interpretation against controls and legitimate business need.,The evidence does not establish intent or business justification for the export. The ML model and rule are inconclusive when considered together; additional context is needed to determine normalcy.,"Conduct a focused, low-impact review of the large export event to verify business justification and data sensitivity; corroborate with the manager and supervisor, and, if needed, inspect related access records.","{""employee_context"": {""user_id"": ""M010"", ""date"": ""2026-03-25"", ""role"": ""Manager"", ""role_context"": ""Operational supervision role with moderate customer-record access and comparatively higher reporting and data export activity.""}, ""behaviour_summary"": {""event_count"": 35, ""transaction_count"": 5, ""customer_record_access_count"": 9, ""download_event_count"": 19, ""download_total"": 88, ""records_accessed_total"": 28, ""vip_access_count"": 2, ""failed_login_count"": 0, ""unknown_ip_count"": 0, ""first_activity_hour"": 8.940277777777778, ""last_activity_hour"": 16.893055555555556, ""activity_duration_hours"": 7.9527777777777775}, ""ml_evidence"": {""anomaly_score"": 0.502874043051707, ""threshold"": 0.5379024781433652, ""prediction"": ""Normal""}, ""rule_evidence"": {""after_hours"": false, ""large_export"": true, ""high_record_access"": false, ""rules_triggered"": 1, ""prediction"": ""Anomaly""}}",medium_random_sample,,,,,
experiment_3,C002|2026-03-19|Customer Service,C002,2026-03-19,Customer Service,Medium,Review,"ML Isolation Forest reports normal behavior with anomaly_score below threshold. Deterministic rule flags an anomaly due to after-hours activity despite the ML result. Role context suggests high customer-record access is plausible, but the after-hours indicator warrants contextual review.","ML Isolation Forest: anomaly_score 0.4357, threshold 0.5521, prediction Normal. | Deterministic rule: after_hours = true, rules_triggered = 1, prediction Anomaly. | Behavioural counts: 41 events, 30 customer_record_accesses, 66 records accessed, 5 download events totaling 16, activity window 09:01 to 17:29 (~8.47 hours).","The role involves customer enquiry and account-maintenance with relatively high access to customer records and limited data export activity. This context can explain substantial read-access activity, but the after-hours indicator introduces uncertainty that requires interpretation within role tasks.","Cannot determine whether after-hours is legitimate extended support or an anomaly without additional context. The ML and deterministic signals disagree, so interpretation relies on factors not provided in the input.","Conduct a focused manual review of the after-hours rule trigger and the associated access/download logs to assess legitimacy. If needed, obtain justification from the user and validate against task logs to determine whether accesses align with customer-service activities.","{""employee_context"": {""user_id"": ""C002"", ""date"": ""2026-03-19"", ""role"": ""Customer Service"", ""role_context"": ""Customer enquiry and account-maintenance role with relatively high customer-record access and limited data export activity.""}, ""behaviour_summary"": {""event_count"": 41, ""transaction_count"": 4, ""customer_record_access_count"": 30, ""download_event_count"": 5, ""download_total"": 16, ""records_accessed_total"": 66, ""vip_access_count"": 0, ""failed_login_count"": 0, ""unknown_ip_count"": 0, ""first_activity_hour"": 9.012222222222222, ""last_activity_hour"": 17.48611111111111, ""activity_duration_hours"": 8.473888888888888}, ""ml_evidence"": {""anomaly_score"": 0.4357095398891439, ""threshold"": 0.5521464960734026, ""prediction"": ""Normal""}, ""rule_evidence"": {""after_hours"": true, ""large_export"": false, ""high_record_access"": false, ""rules_triggered"": 1, ""prediction"": ""Anomaly""}}",medium_random_sample,,,,,
experiment_3,T006|2026-03-24|Teller,T006,2026-03-24,Teller,Medium,Review,Isolation Forest predicts normal behavior (anomaly_score 0.499 below threshold 0.534). A deterministic rule flagged after-hours activity (rules_triggered=1) with an Anomaly prediction. The conflicting signals warrant contextual review but do not alone indicate malicious intent.,"Isolation Forest anomaly_score 0.4993 with threshold 0.5342; prediction: Normal. | Deterministic rule triggered: after_hours = true; rules_triggered = 1; rule prediction: Anomaly. | Activity metrics: 51 events, 22 transactions, 22 customer-record accesses, 50 total records accessed, 4 downloads totaling 16; activity window 09:00 to ~17:55; duration ~8.93 hours. | No failed logins, no unknown IPs, vip_access_count = 0; large_export = false; high_record_access = false.","T006 is a Teller performing daily transaction processing with moderate access to customer records and typically limited data export activity. This context suggests that substantial record access and exports are not unusual for this role, influencing interpretation of the observed activity.","The after-hours flag seems inconsistent with the documented activity window; without baseline thresholds or deeper logs, the exact cause of the after-hours indicator cannot be determined. The predictive models disagree, so the exact risk level cannot be confirmed from the supplied data alone.",Conduct a targeted review focusing on the after-hours rule trigger and cross-check the four download events and 50-record accesses against typical Teller activity for this date; verify whether any access or export actions were legitimately related to customer cases.,"{""employee_context"": {""user_id"": ""T006"", ""date"": ""2026-03-24"", ""role"": ""Teller"", ""role_context"": ""Daily transaction-processing role with moderate customer-record access and normally limited data export activity.""}, ""behaviour_summary"": {""event_count"": 51, ""transaction_count"": 22, ""customer_record_access_count"": 22, ""download_event_count"": 4, ""download_total"": 16, ""records_accessed_total"": 50, ""vip_access_count"": 0, ""failed_login_count"": 0, ""unknown_ip_count"": 0, ""first_activity_hour"": 8.999444444444444, ""last_activity_hour"": 17.924722222222222, ""activity_duration_hours"": 8.925277777777778}, ""ml_evidence"": {""anomaly_score"": 0.4993285914568903, ""threshold"": 0.5341784647040614, ""prediction"": ""Normal""}, ""rule_evidence"": {""after_hours"": true, ""large_export"": false, ""high_record_access"": false, ""rules_triggered"": 1, ""prediction"": ""Anomaly""}}",medium_random_sample,,,,,
experiment_3,M003|2026-03-23|Manager,M003,2026-03-23,Manager,Medium,Review,"The Isolation Forest predicts Normal for the day, while a deterministic rule flags an anomaly related to a large export. Activity includes substantial data-access and export events within business hours for a Manager role. This mixed signal warrants contextual review but does not prove malicious activity.","Anomaly score 0.491864500421207 with threshold 0.5379024781433652; ML prediction: Normal. | Deterministic rule: large_export = true; rules_triggered = 1; rule_prediction = Anomaly; after_hours = false. | Download events: 6 totaling 90 units; Records accessed total: 38 across 11 customer records; VIP access: 2. | Activity window: first_activity_hour 8.9669, last_activity_hour 17.6569, activity_duration_hours 8.69.",Manager role with moderate customer-record access and comparatively higher reporting and data export activity; large export events can be plausible in supervisory duties but require confirmation of business justification.,"Deterministic rule-trigger indicates anomaly, but no clear evidence of intent or justification for the export. Isolation Forest outcome is Normal, so there is uncertainty about the underlying cause of the large export being legitimate.",Flag for routine review focusing on export justification and access patterns; corroborate with business context and export approvals. Do not escalate without additional corroborating evidence.,"{""employee_context"": {""user_id"": ""M003"", ""date"": ""2026-03-23"", ""role"": ""Manager"", ""role_context"": ""Operational supervision role with moderate customer-record access and comparatively higher reporting and data export activity.""}, ""behaviour_summary"": {""event_count"": 22, ""transaction_count"": 3, ""customer_record_access_count"": 11, ""download_event_count"": 6, ""download_total"": 90, ""records_accessed_total"": 38, ""vip_access_count"": 2, ""failed_login_count"": 0, ""unknown_ip_count"": 0, ""first_activity_hour"": 8.966944444444444, ""last_activity_hour"": 17.65694444444444, ""activity_duration_hours"": 8.69}, ""ml_evidence"": {""anomaly_score"": 0.491864500421207, ""threshold"": 0.5379024781433652, ""prediction"": ""Normal""}, ""rule_evidence"": {""after_hours"": false, ""large_export"": true, ""high_record_access"": false, ""rules_triggered"": 1, ""prediction"": ""Anomaly""}}",medium_random_sample,,,,,
