experiment,difficulty,scenario,anomaly_cases,both,rule_only,ml_only,missed_by_both
experiment_1,obvious,temporal_combined,12,12,0,0,0
experiment_1,obvious,unusual_export,9,1,8,0,0
experiment_1,obvious,unusual_record_access,9,1,8,0,0
experiment_2,moderate,temporal_combined,12,12,0,0,0
experiment_2,moderate,unusual_export,9,1,8,0,0
experiment_2,moderate,unusual_record_access,9,1,8,0,0
experiment_3,subtle,temporal_combined,12,7,5,0,0
experiment_3,subtle,unusual_export,9,0,6,0,3
experiment_3,subtle,unusual_record_access,9,1,7,0,1
