experiment,experiment_difficulty,case_id,user_id,date,role,scenario,anomaly_score,threshold,prediction,rule_after_hours,rule_large_export,rule_high_record_access,rules_triggered,rule_prediction,detection_overlap
experiment_1,obvious,CASE001,C002,2026-03-16,Customer Service,unusual_record_access,0.477863349115469,0.5521464960734026,0,0,0,1,1,1,RULE_ONLY
experiment_1,obvious,CASE002,C006,2026-03-16,Customer Service,temporal_combined,0.6516573644879122,0.5521464960734026,1,1,1,1,3,1,BOTH
experiment_1,obvious,CASE003,C007,2026-03-16,Customer Service,unusual_export,0.4503163485661549,0.5521464960734026,0,0,1,0,1,1,RULE_ONLY
experiment_1,obvious,CASE021,T005,2026-03-16,Teller,unusual_export,0.5241732969741082,0.5341784647040614,0,0,1,1,2,1,RULE_ONLY
experiment_1,obvious,CASE004,C009,2026-03-17,Customer Service,temporal_combined,0.6196825100762939,0.5521464960734026,1,1,1,1,3,1,BOTH
experiment_1,obvious,CASE022,T005,2026-03-17,Teller,unusual_record_access,0.4612740034970859,0.5341784647040614,0,0,0,1,1,1,RULE_ONLY
experiment_1,obvious,CASE005,C002,2026-03-18,Customer Service,unusual_record_access,0.5812072092124958,0.5521464960734026,1,0,1,1,2,1,BOTH
experiment_1,obvious,CASE023,T006,2026-03-18,Teller,temporal_combined,0.6233732066257135,0.5341784647040614,1,1,1,1,3,1,BOTH
experiment_1,obvious,CASE006,C007,2026-03-19,Customer Service,temporal_combined,0.6630570963415781,0.5521464960734026,1,1,1,1,3,1,BOTH
experiment_1,obvious,CASE007,C001,2026-03-20,Customer Service,unusual_record_access,0.4585241405144405,0.5521464960734026,0,0,0,1,1,1,RULE_ONLY
experiment_1,obvious,CASE011,M002,2026-03-20,Manager,temporal_combined,0.6223639658815322,0.5379024781433652,1,1,1,1,3,1,BOTH
experiment_1,obvious,CASE024,T004,2026-03-20,Teller,temporal_combined,0.6397222002467327,0.5341784647040614,1,1,1,1,3,1,BOTH
experiment_1,obvious,CASE008,C008,2026-03-23,Customer Service,unusual_export,0.4814682055472751,0.5521464960734026,0,0,1,0,1,1,RULE_ONLY
experiment_1,obvious,CASE012,M003,2026-03-23,Manager,unusual_export,0.5495334859365792,0.5379024781433652,1,0,1,0,1,1,BOTH
experiment_1,obvious,CASE025,T008,2026-03-23,Teller,unusual_export,0.5244399611412179,0.5341784647040614,0,0,1,0,1,1,RULE_ONLY
experiment_1,obvious,CASE013,M003,2026-03-24,Manager,unusual_record_access,0.4836653907166688,0.5379024781433652,0,0,0,1,1,1,RULE_ONLY
experiment_1,obvious,CASE014,M007,2026-03-24,Manager,temporal_combined,0.6223837547187389,0.5379024781433652,1,1,1,1,3,1,BOTH
experiment_1,obvious,CASE026,T006,2026-03-24,Teller,temporal_combined,0.6208790421118501,0.5341784647040614,1,1,1,1,3,1,BOTH
experiment_1,obvious,CASE027,T010,2026-03-24,Teller,unusual_export,0.4821481918432446,0.5341784647040614,0,0,1,0,1,1,RULE_ONLY
experiment_1,obvious,CASE009,C008,2026-03-25,Customer Service,unusual_export,0.4687541548684591,0.5521464960734026,0,0,1,0,1,1,RULE_ONLY
experiment_1,obvious,CASE015,M004,2026-03-25,Manager,unusual_record_access,0.4942601215382767,0.5379024781433652,0,0,0,1,1,1,RULE_ONLY
experiment_1,obvious,CASE016,M007,2026-03-25,Manager,temporal_combined,0.5953154179790991,0.5379024781433652,1,1,1,1,3,1,BOTH
experiment_1,obvious,CASE028,T004,2026-03-25,Teller,unusual_record_access,0.457343484964391,0.5341784647040614,0,0,0,1,1,1,RULE_ONLY
experiment_1,obvious,CASE017,M004,2026-03-26,Manager,unusual_export,0.5333429960374872,0.5379024781433652,0,0,1,0,1,1,RULE_ONLY
experiment_1,obvious,CASE018,M007,2026-03-26,Manager,temporal_combined,0.6052817731623573,0.5379024781433652,1,1,1,1,3,1,BOTH
experiment_1,obvious,CASE019,M009,2026-03-26,Manager,unusual_record_access,0.5126284210680526,0.5379024781433652,0,0,0,1,1,1,RULE_ONLY
experiment_1,obvious,CASE010,C003,2026-03-27,Customer Service,temporal_combined,0.5996552242559131,0.5521464960734026,1,1,1,1,3,1,BOTH
experiment_1,obvious,CASE020,M008,2026-03-27,Manager,unusual_export,0.5214658344660569,0.5379024781433652,0,0,1,0,1,1,RULE_ONLY
experiment_1,obvious,CASE029,T002,2026-03-27,Teller,unusual_record_access,0.5001026305683653,0.5341784647040614,0,0,0,1,1,1,RULE_ONLY
experiment_1,obvious,CASE030,T009,2026-03-27,Teller,temporal_combined,0.6236136687852061,0.5341784647040614,1,1,1,1,3,1,BOTH
experiment_2,moderate,CASE001,C002,2026-03-16,Customer Service,unusual_record_access,0.477863349115469,0.5521464960734026,0,0,0,1,1,1,RULE_ONLY
experiment_2,moderate,CASE002,C006,2026-03-16,Customer Service,temporal_combined,0.6516573644879122,0.5521464960734026,1,1,1,1,3,1,BOTH
experiment_2,moderate,CASE003,C007,2026-03-16,Customer Service,unusual_export,0.4503163485661549,0.5521464960734026,0,0,1,0,1,1,RULE_ONLY
experiment_2,moderate,CASE021,T005,2026-03-16,Teller,unusual_export,0.5241732969741082,0.5341784647040614,0,0,1,1,2,1,RULE_ONLY
experiment_2,moderate,CASE004,C009,2026-03-17,Customer Service,temporal_combined,0.6196825100762939,0.5521464960734026,1,1,1,1,3,1,BOTH
experiment_2,moderate,CASE022,T005,2026-03-17,Teller,unusual_record_access,0.4612740034970859,0.5341784647040614,0,0,0,1,1,1,RULE_ONLY
experiment_2,moderate,CASE005,C002,2026-03-18,Customer Service,unusual_record_access,0.5812072092124958,0.5521464960734026,1,0,1,1,2,1,BOTH
experiment_2,moderate,CASE023,T006,2026-03-18,Teller,temporal_combined,0.6151120224851427,0.5341784647040614,1,1,1,1,3,1,BOTH
experiment_2,moderate,CASE006,C007,2026-03-19,Customer Service,temporal_combined,0.6630570963415781,0.5521464960734026,1,1,1,1,3,1,BOTH
experiment_2,moderate,CASE007,C001,2026-03-20,Customer Service,unusual_record_access,0.4585241405144405,0.5521464960734026,0,0,0,1,1,1,RULE_ONLY
experiment_2,moderate,CASE011,M002,2026-03-20,Manager,temporal_combined,0.6200646013495312,0.5379024781433652,1,1,1,1,3,1,BOTH
experiment_2,moderate,CASE024,T004,2026-03-20,Teller,temporal_combined,0.6324260144301695,0.5341784647040614,1,1,1,1,3,1,BOTH
experiment_2,moderate,CASE008,C008,2026-03-23,Customer Service,unusual_export,0.4814682055472751,0.5521464960734026,0,0,1,0,1,1,RULE_ONLY
experiment_2,moderate,CASE012,M003,2026-03-23,Manager,unusual_export,0.5495334859365792,0.5379024781433652,1,0,1,0,1,1,BOTH
experiment_2,moderate,CASE025,T008,2026-03-23,Teller,unusual_export,0.5244399611412179,0.5341784647040614,0,0,1,0,1,1,RULE_ONLY
experiment_2,moderate,CASE013,M003,2026-03-24,Manager,unusual_record_access,0.4836653907166688,0.5379024781433652,0,0,0,1,1,1,RULE_ONLY
experiment_2,moderate,CASE014,M007,2026-03-24,Manager,temporal_combined,0.6223837547187389,0.5379024781433652,1,1,1,1,3,1,BOTH
experiment_2,moderate,CASE026,T006,2026-03-24,Teller,temporal_combined,0.6154855029934234,0.5341784647040614,1,1,1,1,3,1,BOTH
experiment_2,moderate,CASE027,T010,2026-03-24,Teller,unusual_export,0.4821481918432446,0.5341784647040614,0,0,1,0,1,1,RULE_ONLY
experiment_2,moderate,CASE009,C008,2026-03-25,Customer Service,unusual_export,0.4687541548684591,0.5521464960734026,0,0,1,0,1,1,RULE_ONLY
experiment_2,moderate,CASE015,M004,2026-03-25,Manager,unusual_record_access,0.4942601215382767,0.5379024781433652,0,0,0,1,1,1,RULE_ONLY
experiment_2,moderate,CASE016,M007,2026-03-25,Manager,temporal_combined,0.5914419802595505,0.5379024781433652,1,1,1,1,3,1,BOTH
experiment_2,moderate,CASE028,T004,2026-03-25,Teller,unusual_record_access,0.457343484964391,0.5341784647040614,0,0,0,1,1,1,RULE_ONLY
experiment_2,moderate,CASE017,M004,2026-03-26,Manager,unusual_export,0.5333429960374872,0.5379024781433652,0,0,1,0,1,1,RULE_ONLY
experiment_2,moderate,CASE018,M007,2026-03-26,Manager,temporal_combined,0.6052817731623573,0.5379024781433652,1,1,1,1,3,1,BOTH
experiment_2,moderate,CASE019,M009,2026-03-26,Manager,unusual_record_access,0.5126284210680526,0.5379024781433652,0,0,0,1,1,1,RULE_ONLY
experiment_2,moderate,CASE010,C003,2026-03-27,Customer Service,temporal_combined,0.5892361871503315,0.5521464960734026,1,1,1,1,3,1,BOTH
experiment_2,moderate,CASE020,M008,2026-03-27,Manager,unusual_export,0.5214658344660569,0.5379024781433652,0,0,1,0,1,1,RULE_ONLY
experiment_2,moderate,CASE029,T002,2026-03-27,Teller,unusual_record_access,0.5001026305683653,0.5341784647040614,0,0,0,1,1,1,RULE_ONLY
experiment_2,moderate,CASE030,T009,2026-03-27,Teller,temporal_combined,0.6081336492100662,0.5341784647040614,1,1,1,1,3,1,BOTH
experiment_3,subtle,CASE001,C002,2026-03-16,Customer Service,unusual_record_access,0.4638385719048612,0.5521464960734026,0,0,0,1,1,1,RULE_ONLY
experiment_3,subtle,CASE002,C006,2026-03-16,Customer Service,temporal_combined,0.6151577277152549,0.5521464960734026,1,1,1,1,3,1,BOTH
experiment_3,subtle,CASE003,C007,2026-03-16,Customer Service,unusual_export,0.4064599627272654,0.5521464960734026,0,0,0,0,0,0,MISSED_BY_BOTH
experiment_3,subtle,CASE021,T005,2026-03-16,Teller,unusual_export,0.4636246128356298,0.5341784647040614,0,0,0,1,1,1,RULE_ONLY
experiment_3,subtle,CASE004,C009,2026-03-17,Customer Service,temporal_combined,0.5614794592092001,0.5521464960734026,1,1,0,1,2,1,BOTH
experiment_3,subtle,CASE022,T005,2026-03-17,Teller,unusual_record_access,0.4116668733893788,0.5341784647040614,0,0,0,0,0,0,MISSED_BY_BOTH
experiment_3,subtle,CASE005,C002,2026-03-18,Customer Service,unusual_record_access,0.5576918145814787,0.5521464960734026,1,0,1,1,2,1,BOTH
experiment_3,subtle,CASE023,T006,2026-03-18,Teller,temporal_combined,0.5017219022338913,0.5341784647040614,0,1,0,0,1,1,RULE_ONLY
experiment_3,subtle,CASE006,C007,2026-03-19,Customer Service,temporal_combined,0.6016953499297093,0.5521464960734026,1,1,0,0,1,1,BOTH
experiment_3,subtle,CASE007,C001,2026-03-20,Customer Service,unusual_record_access,0.4266305388460608,0.5521464960734026,0,0,0,1,1,1,RULE_ONLY
experiment_3,subtle,CASE011,M002,2026-03-20,Manager,temporal_combined,0.5333941519581956,0.5379024781433652,0,1,1,0,2,1,RULE_ONLY
experiment_3,subtle,CASE024,T004,2026-03-20,Teller,temporal_combined,0.582252784721782,0.5341784647040614,1,1,1,0,2,1,BOTH
experiment_3,subtle,CASE008,C008,2026-03-23,Customer Service,unusual_export,0.4434337912574393,0.5521464960734026,0,0,0,0,0,0,MISSED_BY_BOTH
experiment_3,subtle,CASE012,M003,2026-03-23,Manager,unusual_export,0.491864500421207,0.5379024781433652,0,0,1,0,1,1,RULE_ONLY
experiment_3,subtle,CASE025,T008,2026-03-23,Teller,unusual_export,0.4918998630892513,0.5341784647040614,0,0,1,0,1,1,RULE_ONLY
experiment_3,subtle,CASE013,M003,2026-03-24,Manager,unusual_record_access,0.4581588447004197,0.5379024781433652,0,0,0,1,1,1,RULE_ONLY
experiment_3,subtle,CASE014,M007,2026-03-24,Manager,temporal_combined,0.5490524672557884,0.5379024781433652,1,1,0,0,1,1,BOTH
experiment_3,subtle,CASE026,T006,2026-03-24,Teller,temporal_combined,0.4993285914568903,0.5341784647040614,0,1,0,0,1,1,RULE_ONLY
experiment_3,subtle,CASE027,T010,2026-03-24,Teller,unusual_export,0.4272380106066381,0.5341784647040614,0,0,0,0,0,0,MISSED_BY_BOTH
experiment_3,subtle,CASE009,C008,2026-03-25,Customer Service,unusual_export,0.4429591432059369,0.5521464960734026,0,0,1,0,1,1,RULE_ONLY
experiment_3,subtle,CASE015,M004,2026-03-25,Manager,unusual_record_access,0.4643691286696373,0.5379024781433652,0,0,0,1,1,1,RULE_ONLY
experiment_3,subtle,CASE016,M007,2026-03-25,Manager,temporal_combined,0.5134332790653682,0.5379024781433652,0,1,1,0,2,1,RULE_ONLY
experiment_3,subtle,CASE028,T004,2026-03-25,Teller,unusual_record_access,0.4232336364658411,0.5341784647040614,0,0,0,1,1,1,RULE_ONLY
experiment_3,subtle,CASE017,M004,2026-03-26,Manager,unusual_export,0.5155417625152526,0.5379024781433652,0,0,1,0,1,1,RULE_ONLY
experiment_3,subtle,CASE018,M007,2026-03-26,Manager,temporal_combined,0.5444244188883192,0.5379024781433652,1,1,1,1,3,1,BOTH
experiment_3,subtle,CASE019,M009,2026-03-26,Manager,unusual_record_access,0.480832650654365,0.5379024781433652,0,0,0,1,1,1,RULE_ONLY
experiment_3,subtle,CASE010,C003,2026-03-27,Customer Service,temporal_combined,0.5550739021139568,0.5521464960734026,1,1,0,1,2,1,BOTH
experiment_3,subtle,CASE020,M008,2026-03-27,Manager,unusual_export,0.4860873207513856,0.5379024781433652,0,0,1,0,1,1,RULE_ONLY
experiment_3,subtle,CASE029,T002,2026-03-27,Teller,unusual_record_access,0.4830298628709858,0.5341784647040614,0,0,0,1,1,1,RULE_ONLY
experiment_3,subtle,CASE030,T009,2026-03-27,Teller,temporal_combined,0.5340634281658321,0.5341784647040614,0,1,1,0,2,1,RULE_ONLY
