role,feature,count,min,mean,std,p01,p02_5,p05,p10,p50,p75,p90,p95,p97_5,p99,max
Customer Service,event_count,450,27.0,40.028888888888886,4.974013638931558,30.0,31.0,32.0,33.900000000000006,40.0,43.0,46.10000000000002,48.0,50.0,51.0,55.0
Customer Service,transaction_count,450,0.0,3.968888888888889,1.9398324063974381,1.0,1.0,1.0,2.0,4.0,5.0,7.0,7.0,8.774999999999977,9.509999999999991,11.0
Customer Service,customer_record_access_count,450,14.0,26.26888888888889,4.389820286524628,16.490000000000002,18.0,19.450000000000003,21.0,26.0,29.0,32.0,34.0,35.0,36.0,39.0
Customer Service,download_event_count,450,2.0,7.775555555555556,2.6496758263337163,2.0,3.0,4.0,4.0,8.0,10.0,11.0,12.0,13.0,14.0,18.0
Customer Service,download_total,450,2.0,19.273333333333333,7.4390440509505105,4.0,6.0,8.0,10.0,19.0,25.0,29.0,32.0,34.77499999999998,37.50999999999999,44.0
Customer Service,records_accessed_total,450,34.0,65.68444444444444,12.17203987888493,39.0,43.0,46.0,49.0,65.5,74.0,81.10000000000002,86.54999999999995,89.77499999999998,91.50999999999999,102.0
Customer Service,vip_access_count,450,0.0,0.7555555555555555,0.8639154549999527,0.0,0.0,0.0,0.0,1.0,1.0,2.0,2.0,3.0,3.0,4.0
Customer Service,first_activity_hour,450,8.00361111111111,8.749404938271605,0.24361604124864475,8.205033333333333,8.275972222222224,8.361208333333334,8.425583333333332,8.755694444444444,8.914722222222222,9.063638888888889,9.126194444444446,9.245555555555555,9.28908611111111,9.471666666666668
Customer Service,last_activity_hour,450,15.255,16.74904012345679,0.4167951331303751,15.812780555555555,15.948180555555556,16.088666666666665,16.230055555555552,16.739305555555553,17.034930555555558,17.287111111111113,17.409930555555555,17.591159722222223,17.72104444444444,17.90972222222222
Customer Service,activity_duration_hours,450,6.887777777777778,7.999635185185186,0.3432771526254975,7.1620388888888895,7.4055625,7.4650694444444445,7.567722222222223,7.98486111111111,8.233611111111111,8.451916666666666,8.585305555555555,8.6518125,8.707252777777777,9.035833333333333
Manager,event_count,450,16.0,29.968888888888888,5.074843946264836,18.490000000000002,20.0,22.0,23.900000000000006,30.0,33.0,36.0,38.0,40.0,41.0,44.0
Manager,transaction_count,450,0.0,2.8533333333333335,1.6240947452806154,0.0,0.0,1.0,1.0,3.0,4.0,5.0,6.0,6.774999999999977,7.0,8.0
Manager,customer_record_access_count,450,3.0,12.366666666666667,3.7424013585838853,4.0,5.0,6.0,7.900000000000006,12.0,15.0,17.0,18.0,19.0,21.50999999999999,24.0
Manager,download_event_count,450,4.0,12.737777777777778,3.346725879918759,6.0,6.225000000000001,8.0,9.0,12.5,15.0,17.0,18.0,20.0,21.0,23.0
Manager,download_total,450,21.0,57.044444444444444,16.999745256254,24.490000000000002,27.225,31.450000000000003,36.0,56.0,67.75,79.10000000000002,88.0,96.0,102.50999999999999,114.0
Manager,records_accessed_total,450,7.0,36.82,11.997625971550763,11.49,14.225000000000001,18.0,22.0,36.0,45.0,52.0,56.549999999999955,60.0,67.0,77.0
Manager,vip_access_count,450,0.0,1.0,1.0252926139989074,0.0,0.0,0.0,0.0,1.0,2.0,2.0,3.0,3.0,4.0,5.0
Manager,first_activity_hour,450,7.583611111111111,8.512022222222221,0.34835983221272343,7.706261111111111,7.790854166666667,7.851333333333333,8.05875,8.519166666666667,8.742083333333332,8.954611111111111,9.071069444444444,9.184381944444445,9.339827777777778,9.360555555555557
Manager,last_activity_hour,450,15.151944444444444,17.020873456790124,0.6553927210759829,15.542252777777778,15.746340277777776,15.941819444444443,16.14963888888889,17.0625,17.472569444444442,17.828388888888888,17.99886111111111,18.22511111111111,18.515911111111112,18.9075
Manager,activity_duration_hours,450,6.786111111111111,8.508851234567901,0.5417323450069229,7.3141750000000005,7.482590277777778,7.645986111111111,7.829277777777778,8.533194444444444,8.884166666666667,9.220194444444445,9.412513888888888,9.574479166666666,9.75211111111111,9.971666666666666
Teller,event_count,450,28.0,45.184444444444445,5.872758276973221,33.0,34.0,36.0,38.0,45.0,49.0,53.0,55.0,57.77499999999998,59.0,62.0
Teller,transaction_count,450,8.0,19.57111111111111,4.219538930375476,10.49,12.0,13.0,14.0,19.0,22.0,25.0,26.549999999999955,28.774999999999977,30.50999999999999,34.0
Teller,customer_record_access_count,450,7.0,19.25777777777778,4.222143814638158,10.0,12.0,13.0,14.0,19.0,22.0,25.0,27.0,27.0,29.0,34.0
Teller,download_event_count,450,0.0,4.34,2.053287873463931,1.0,1.0,1.0,2.0,4.0,6.0,7.0,8.0,9.0,9.509999999999991,12.0
Teller,download_total,450,0.0,8.6,4.45667088390912,1.0,1.0,2.0,4.0,8.0,11.0,15.0,17.0,19.0,21.0,25.0
Teller,records_accessed_total,450,13.0,38.675555555555555,9.004902291578242,19.0,23.0,25.0,27.0,39.0,45.0,50.0,53.0,56.0,60.0,71.0
Teller,vip_access_count,450,0.0,0.19555555555555557,0.439657467175817,0.0,0.0,0.0,0.0,0.0,0.0,1.0,1.0,1.0,2.0,2.0
Teller,first_activity_hour,450,7.995277777777778,8.744596913580247,0.2413625558071982,8.199091666666666,8.300743055555555,8.35138888888889,8.420861111111112,8.748472222222222,8.902708333333333,9.043777777777779,9.147833333333333,9.224416666666666,9.270977777777777,9.4475
Teller,last_activity_hour,450,15.514166666666666,16.779912345679012,0.4491641897658254,15.77057222222222,15.924902777777778,16.09223611111111,16.218,16.758333333333333,17.063333333333333,17.403388888888887,17.56986111111111,17.702590277777777,17.786955555555558,18.092222222222222
Teller,activity_duration_hours,450,6.920555555555556,8.035315432098765,0.36693749482501276,7.226641666666667,7.3512152777777775,7.437972222222222,7.569305555555556,8.031805555555556,8.278125,8.505777777777778,8.646152777777777,8.761993055555555,8.882652777777778,9.009166666666667
