feature,role,mean,std,p05,p50,p95,max
event_count,Customer Service,40.028888888888886,4.974013638931558,32.0,40.0,48.0,55.0
event_count,Manager,29.968888888888888,5.074843946264836,22.0,30.0,38.0,44.0
event_count,Teller,45.184444444444445,5.872758276973221,36.0,45.0,55.0,62.0
transaction_count,Customer Service,3.968888888888889,1.939832406397438,1.0,4.0,7.0,11.0
transaction_count,Manager,2.853333333333333,1.6240947452806154,1.0,3.0,6.0,8.0
transaction_count,Teller,19.57111111111111,4.219538930375476,13.0,19.0,26.549999999999955,34.0
customer_record_access_count,Customer Service,26.26888888888889,4.389820286524628,19.450000000000003,26.0,34.0,39.0
customer_record_access_count,Manager,12.366666666666667,3.742401358583885,6.0,12.0,18.0,24.0
customer_record_access_count,Teller,19.25777777777778,4.222143814638158,13.0,19.0,27.0,34.0
download_event_count,Customer Service,7.775555555555556,2.6496758263337163,4.0,8.0,12.0,18.0
download_event_count,Manager,12.737777777777778,3.346725879918759,8.0,12.5,18.0,23.0
download_event_count,Teller,4.34,2.053287873463931,1.0,4.0,8.0,12.0
download_total,Customer Service,19.273333333333333,7.4390440509505105,8.0,19.0,32.0,44.0
download_total,Manager,57.04444444444445,16.999745256254,31.450000000000003,56.0,88.0,114.0
download_total,Teller,8.6,4.45667088390912,2.0,8.0,17.0,25.0
records_accessed_total,Customer Service,65.68444444444444,12.17203987888493,46.0,65.5,86.54999999999995,102.0
records_accessed_total,Manager,36.82,11.997625971550764,18.0,36.0,56.54999999999996,77.0
records_accessed_total,Teller,38.67555555555556,9.004902291578242,25.0,39.0,53.0,71.0
vip_access_count,Customer Service,0.7555555555555555,0.8639154549999527,0.0,1.0,2.0,4.0
vip_access_count,Manager,1.0,1.0252926139989074,0.0,1.0,3.0,5.0
vip_access_count,Teller,0.1955555555555555,0.439657467175817,0.0,0.0,1.0,2.0
first_activity_hour,Customer Service,8.749404938271605,0.2436160412486447,8.361208333333334,8.755694444444444,9.126194444444446,9.471666666666668
first_activity_hour,Manager,8.512022222222221,0.3483598322127234,7.851333333333333,8.519166666666667,9.071069444444444,9.360555555555557
first_activity_hour,Teller,8.744596913580247,0.2413625558071982,8.35138888888889,8.748472222222222,9.147833333333333,9.4475
last_activity_hour,Customer Service,16.74904012345679,0.4167951331303751,16.088666666666665,16.739305555555553,17.409930555555555,17.90972222222222
last_activity_hour,Manager,17.020873456790124,0.6553927210759829,15.941819444444445,17.0625,17.99886111111111,18.9075
last_activity_hour,Teller,16.779912345679012,0.4491641897658254,16.09223611111111,16.758333333333333,17.56986111111111,18.092222222222222
activity_duration_hours,Customer Service,7.999635185185186,0.3432771526254975,7.4650694444444445,7.98486111111111,8.585305555555555,9.035833333333333
activity_duration_hours,Manager,8.508851234567901,0.5417323450069229,7.645986111111111,8.533194444444444,9.412513888888888,9.971666666666666
activity_duration_hours,Teller,8.035315432098765,0.3669374948250127,7.437972222222222,8.031805555555556,8.646152777777777,9.009166666666667
