role,feature,normal_mean,normal_std,p90,p95,p97_5,p99,normal_max,mean_plus_1sd,mean_plus_2sd,mean_plus_3sd
Customer Service,event_count,40.028888888888886,4.974013638931558,46.10000000000002,48.0,50.0,51.0,55.0,45.002902527820446,49.976916166752005,54.95092980568356
Customer Service,transaction_count,3.968888888888889,1.939832406397438,7.0,7.0,8.774999999999977,9.509999999999993,11.0,5.908721295286327,7.848553701683764,9.788386108081204
Customer Service,customer_record_access_count,26.26888888888889,4.389820286524628,32.0,34.0,35.0,36.0,39.0,30.658709175413517,35.048529461938145,39.43834974846277
Customer Service,download_event_count,7.775555555555556,2.6496758263337163,11.0,12.0,13.0,14.0,18.0,10.425231381889272,13.074907208222989,15.724583034556705
Customer Service,download_total,19.273333333333333,7.4390440509505105,29.0,32.0,34.77499999999998,37.50999999999999,44.0,26.712377384283844,34.151421435234354,41.59046548618487
Customer Service,records_accessed_total,65.68444444444444,12.17203987888493,81.10000000000002,86.54999999999995,89.77499999999998,91.51,102.0,77.85648432332937,90.0285242022143,102.20056408109923
Customer Service,vip_access_count,0.7555555555555555,0.8639154549999527,2.0,2.0,3.0,3.0,4.0,1.6194710105555084,2.483386465555461,3.3473019205554135
Customer Service,first_activity_hour,8.749404938271605,0.2436160412486447,9.063638888888889,9.126194444444446,9.245555555555557,9.28908611111111,9.471666666666668,8.99302097952025,9.236637020768894,9.480253062017539
Customer Service,last_activity_hour,16.74904012345679,0.4167951331303751,17.287111111111113,17.409930555555555,17.591159722222223,17.72104444444444,17.90972222222222,17.165835256587165,17.58263038971754,17.999425522847915
Customer Service,activity_duration_hours,7.999635185185186,0.3432771526254975,8.451916666666666,8.585305555555555,8.6518125,8.707252777777777,9.035833333333333,8.342912337810683,8.686189490436181,9.029466643061678
Manager,event_count,29.968888888888888,5.074843946264836,36.0,38.0,40.0,41.0,44.0,35.043732835153726,40.11857678141856,45.193420727683396
Manager,transaction_count,2.853333333333333,1.6240947452806154,5.0,6.0,6.774999999999977,7.0,8.0,4.477428078613949,6.101522823894564,7.72561756917518
Manager,customer_record_access_count,12.366666666666667,3.742401358583885,17.0,18.0,19.0,21.50999999999999,24.0,16.10906802525055,19.851469383834438,23.59387074241832
Manager,download_event_count,12.737777777777778,3.346725879918759,17.0,18.0,20.0,21.0,23.0,16.084503657696537,19.431229537615295,22.777955417534052
Manager,download_total,57.04444444444445,16.999745256254,79.10000000000002,88.0,96.0,102.51,114.0,74.04418970069845,91.04393495695246,108.04368021320644
Manager,records_accessed_total,36.82,11.997625971550764,52.0,56.54999999999996,60.0,67.0,77.0,48.81762597155077,60.81525194310153,72.81287791465229
Manager,vip_access_count,1.0,1.0252926139989074,2.0,3.0,3.0,4.0,5.0,2.025292613998907,3.0505852279978147,4.075877841996722
Manager,first_activity_hour,8.512022222222221,0.3483598322127234,8.954611111111111,9.071069444444444,9.184381944444445,9.339827777777778,9.360555555555557,8.860382054434945,9.208741886647667,9.557101718860391
Manager,last_activity_hour,17.020873456790124,0.6553927210759829,17.828388888888888,17.99886111111111,18.22511111111111,18.515911111111112,18.9075,17.676266177866108,18.331658898942088,18.98705162001807
Manager,activity_duration_hours,8.508851234567901,0.5417323450069229,9.220194444444443,9.412513888888888,9.574479166666666,9.75211111111111,9.971666666666666,9.050583579574823,9.592315924581747,10.13404826958867
Teller,event_count,45.184444444444445,5.872758276973221,53.0,55.0,57.77499999999998,59.0,62.0,51.05720272141767,56.92996099839089,62.80271927536411
Teller,transaction_count,19.57111111111111,4.219538930375476,25.0,26.549999999999955,28.774999999999977,30.50999999999999,34.0,23.790650041486586,28.010188971862064,32.22972790223754
Teller,customer_record_access_count,19.25777777777778,4.222143814638158,25.0,27.0,27.0,29.0,34.0,23.479921592415938,27.702065407054093,31.92420922169225
Teller,download_event_count,4.34,2.053287873463931,7.0,8.0,9.0,9.509999999999993,12.0,6.393287873463931,8.446575746927863,10.499863620391793
Teller,download_total,8.6,4.45667088390912,15.0,17.0,19.0,21.0,25.0,13.05667088390912,17.51334176781824,21.97001265172736
Teller,records_accessed_total,38.67555555555556,9.004902291578242,50.0,53.0,56.0,60.0,71.0,47.6804578471338,56.68536013871204,65.69026243029029
Teller,vip_access_count,0.1955555555555555,0.439657467175817,1.0,1.0,1.0,2.0,2.0,0.6352130227313725,1.0748704899071895,1.5145279570830064
Teller,first_activity_hour,8.744596913580247,0.2413625558071982,9.04377777777778,9.147833333333333,9.224416666666666,9.270977777777777,9.4475,8.985959469387446,9.227322025194644,9.468684581001842
Teller,last_activity_hour,16.779912345679012,0.4491641897658254,17.403388888888887,17.56986111111111,17.702590277777777,17.786955555555558,18.092222222222222,17.229076535444836,17.678240725210664,18.127404914976488
Teller,activity_duration_hours,8.035315432098765,0.3669374948250127,8.505777777777778,8.646152777777777,8.761993055555555,8.882652777777778,9.009166666666667,8.402252926923778,8.76919042174879,9.136127916573802
